food_id,nutrient_it,amount_in_food
9427,291,5.3
9002,291,0.3
9001,291,1.1
14006,291,0
14007,291,0
14005,291,0
14013,291,0
14003,291,0
14004,291,0
14034,291,0
14009,291,0
14010,291,0.1
14533,291,0
14037,291,0
14550,291,0
14551,291,0
14532,291,0
14049,291,0
14050,291,0
14051,291,0
14052,291,0
14415,291,0
14414,291,0
14534,291,0
14015,291,0.1
14017,291,0.3
43479,291,0
14019,291,0
14027,291,0.1
14029,291,0
14025,291,0
43154,291,0
14536,291,0
14057,291,0
43155,291,0
14084,291,0
14096,291,0
14602,291,0
14106,291,0
14160,291,0
11001,291,1.9
20002,291,2.1
20001,291,6.7
4609,291,0
9400,291,0.2
9517,291,0.3
9016,291,0.2
9018,291,0.1
9411,291,0.1
9017,291,0.4
36023,291,1
36005,291,1.2
36019,291,1.4
36021,291,2.8
36022,291,3.1
36001,291,2.6
36018,291,0.9
36002,291,3.9
36003,291,1.3
36004,291,2.1
9008,291,2
9007,291,1.7
9010,291,2.6
9009,291,12.4
9013,291,1.9
9012,291,2
9011,291,8.7
9015,291,1.3
9014,291,1.3
9504,291,2.1
9503,291,2.3
9501,291,2.4
9502,291,2.8
9500,291,2.3
9003,291,2.4
9004,291,1.3
9005,291,2.4
9006,291,2.8
9402,291,1.2
9020,291,1.2
9401,291,1.1
9019,291,1.1
9403,291,0.6
9036,291,0.6
9029,291,1.6
9025,291,1.6
9027,291,1.6
9028,291,1.6
9357,291,2.7
9024,291,1.6
9026,291,1.6
9022,291,1.6
9023,291,1.1
9034,291,4.1
9033,291,2.6
9032,291,7.3
9035,291,2.2
9021,291,2
18522,291,2
18524,291,5.1
18527,291,2.1
18528,291,2.6
18529,291,0.7
18532,291,1
18533,291,2
18535,291,1.2
18537,291,2.9
18538,291,2.7
18539,291,1.1
18540,291,1.8
18541,291,2.8
18544,291,2.2
18562,291,1.1
18547,291,2.2
18513,291,1.9
20003,291,3.4
11697,291,1.3
11702,291,8.6
11008,291,8.6
11703,291,4.6
11010,291,4.6
11009,291,3.9
11007,291,5.4
11959,291,1.6
11015,291,1.6
11707,291,1
11013,291,1
11012,291,2
11705,291,2
11709,291,1.6
11019,291,1.6
11018,291,1.9
11011,291,2.1
18984,291,1.3
18987,291,1.4
28258,291,1.3
18983,291,1.8
18985,291,2
18986,291,1.3
18990,291,2
28256,291,3.2
18988,291,2.7
28257,291,3.2
18989,291,2.7
9037,291,6.7
9038,291,6.8
9039,291,5.6
3964,291,1.7
42150,291,0.5
3167,291,0.2
3169,291,0
3289,291,1.8
3115,291,0.9
3997,291,0
42284,291,2.3
43550,291,1
42119,291,0.4
43546,291,1.6
3995,291,1
3301,291,0
3290,291,2.6
42316,291,2.3
3181,291,6.6
3681,291,0.6
42285,291,6.5
3201,291,0.9
3211,291,7.1
3185,291,7.5
3685,291,0.8
3188,291,1.2
3187,291,1.2
3186,291,7.8
3686,291,0.4
3189,291,9
3689,291,1.1
3192,291,0.8
3191,291,0.8
3190,291,5.2
3690,291,0.4
43544,291,2.6
3194,291,0.5
3694,291,0
3195,291,1
3212,291,1
3712,291,0.1
3210,291,0.6
3184,291,12.2
3198,291,0.9
3197,291,0.9
3222,291,0.2
3206,291,3.4
3213,291,0.2
3214,291,0.2
3934,291,1.8
3209,291,4
43004,291,0.8
43539,291,0.5
43537,291,0.4
3225,291,0.3
3224,291,0.3
3246,291,0.2
3245,291,0
3221,291,1.4
3220,291,1.4
3236,291,0.6
3235,291,0.6
3226,291,0.6
3233,291,0.7
3228,291,0.7
3227,291,0.7
43536,291,0.4
3297,291,1.8
3287,291,1.1
3047,291,1.3
3052,291,1.1
3055,291,1.8
3298,291,1.4
43373,291,0.6
43008,291,1.1
3069,291,0.9
3068,291,2.1
3070,291,1.1
3072,291,0.6
3090,291,0.3
3089,291,0.7
3045,291,1.1
3044,291,1.2
43432,291,1.1
3077,291,1.5
3304,291,1.2
3050,291,1.1
3303,291,1.3
3083,291,1
3082,291,0.9
3296,291,0.8
3059,291,1.7
3054,291,1.3
3053,291,1.3
3274,291,1.1
3062,291,1
3061,291,1.6
3067,291,1.1
3066,291,1.1
3081,291,1.1
3079,291,1.1
3085,291,0.9
3084,291,1.5
3073,291,2.1
3076,291,1.1
3075,291,1.1
3154,291,1.4
3140,291,1.1
43585,291,2
3165,291,1.8
3164,291,1.8
3153,291,2.1
3152,291,2.1
3143,291,1.8
3142,291,1.8
3145,291,1.1
3144,291,1.1
3151,291,1.5
3150,291,1.5
3147,291,1.6
3117,291,1.7
3116,291,1.7
3128,291,1.5
3118,291,1.5
3994,291,1.4
3156,291,1.6
3157,291,1.6
3163,291,1.4
3280,291,1.6
3129,291,1.6
3162,291,1.4
3131,291,1.3
3130,291,1.3
3159,291,2.6
3158,291,2.6
3133,291,3.6
3132,291,3.6
3135,291,1.2
3134,291,1.2
3137,291,2.7
3136,291,2.7
43007,291,0.4
43006,291,0.6
44074,291,0.1
42286,291,1.4
3093,291,1.3
3001,291,0
3166,291,0.1
43535,291,0.3
3268,291,0.1
3265,291,0.1
3168,291,0.1
3170,291,0.1
3171,291,0.1
42266,291,0.5
3269,291,0.4
3267,291,0.4
3179,291,0.1
3172,291,0.1
3174,291,0.1
3175,291,0.1
3177,291,0.1
42267,291,0.4
43408,291,0.1
3048,291,0.5
3959,291,1.2
43417,291,0.5
3003,291,0
3002,291,0
3014,291,0.2
3013,291,0
3012,291,0
3009,291,0
3008,291,0
3011,291,0
3010,291,0
3021,291,0.2
3007,291,0
3017,291,0.5
3016,291,0
3015,291,0
3005,291,0
42120,291,0.4
43523,291,0.4
3996,291,6.7
3205,291,7.8
3161,291,0.8
3141,291,1.2
42279,291,2.5
3122,291,3.9
3293,291,1.3
3112,291,0.9
3215,291,2.3
3139,291,2.7
3046,291,0.1
43529,291,3
3019,291,7.8
3302,291,2.3
3998,291,0
3216,291,1.4
42278,291,1.1
3114,291,2
3096,291,1.4
3098,291,1.9
3100,291,1.7
3099,291,1.7
3120,291,2.1
3119,291,2.1
3283,291,1.5
3092,291,1.9
3091,291,2.2
3282,291,1.5
3286,291,1.5
3121,291,2
3127,291,1.8
3105,291,0.9
3104,291,0.9
3108,291,1.5
3109,291,1.5
3956,291,0.3
3965,291,0.6
7921,291,0
43212,291,10.2
16104,291,2.6
10994,291,0
18968,291,4.1
18005,291,2.3
18006,291,2.5
18003,291,2.3
18007,291,3.6
18001,291,1.6
18406,291,2.3
18002,291,2.6
18407,291,2.3
18408,291,2.3
19146,291,2.7
19139,291,6.7
19124,291,4
19077,291,18.1
19078,291,16.6
11710,291,1.9
11023,291,1.9
11711,291,2
11025,291,2
11024,291,2.8
11028,291,1.4
11712,291,1
11027,291,1
11026,291,2.2
9041,291,9.9
9040,291,2.6
18991,291,2
7001,291,0
20130,291,10.1
20131,291,7.1
20004,291,17.3
20006,291,3.8
20005,291,15.6
2044,291,1.6
42182,291,0
16302,291,7.3
16002,291,7.3
16001,291,12.7
43449,291,5.5
16006,291,4.1
16008,291,6.9
16009,291,5.5
16010,291,4.4
16011,291,4
16005,291,5.5
16018,291,6.9
16317,291,8.3
16017,291,8.3
16016,291,15.5
16316,291,6.9
16315,291,8.7
16015,291,8.7
16014,291,15.5
43112,291,4.2
16021,291,6.3
16320,291,10
16020,291,10
16019,291,24.7
11973,291,7.5
16323,291,9.4
16023,291,9.4
16022,291,25.2
16026,291,4.9
16326,291,4.9
16325,291,7
16025,291,7
16024,291,20.2
16029,291,4.3
16328,291,6.4
16028,291,6.4
16027,291,24.9
16331,291,9.3
16031,291,9.3
16030,291,24.9
16335,291,7.5
16034,291,4.3
16333,291,7.4
16033,291,7.4
16032,291,15.2
16336,291,9.3
16036,291,9.3
16035,291,24.9
11033,291,3.6
43125,291,0.1
16337,291,5.3
11626,291,0.8
16039,291,5.1
16338,291,10.5
16038,291,10.5
16037,291,15.3
16341,291,5.3
16041,291,5.3
16040,291,12.7
16146,291,5.5
11720,291,8.6
11049,291,8.6
11048,291,5.7
16044,291,4.6
16347,291,4.6
16343,291,9
16043,291,9
16042,291,15.5
16145,291,5.5
11050,291,3.4
16346,291,10.4
16046,291,10.4
16045,291,24.9
11058,291,1.5
11054,291,1.5
11729,291,1.9
11726,291,1.5
11056,291,1.9
11723,291,3.2
11053,291,3.2
11062,291,3.4
11060,291,2.6
11061,291,3
11731,291,3
11063,291,3.4
11052,291,2.7
11933,291,1.3
11728,291,1.5
11932,291,1.3
11727,291,1.5
11725,291,3.3
11724,291,3.3
11730,291,2.8
11733,291,3
11732,291,3
11722,291,3.4
16051,291,4.8
16350,291,6.3
16050,291,6.3
16049,291,15.2
16348,291,10.4
16048,291,10.4
16047,291,25.1
18993,291,7
18994,291,7.1
14114,291,0.1
22402,291,1.4
22529,291,0.8
7956,291,0
7954,291,0
22905,291,0.9
23296,291,0
23293,291,0
23297,291,0
23302,291,0
23294,291,0
23305,291,0
23303,291,0
23315,291,0
23316,291,0
23307,291,0
23317,291,0
23308,291,0
23318,291,0
23309,291,0
23298,291,0
23300,291,0
23299,291,0
23301,291,0
23304,291,0
23323,291,0
23295,291,0
23310,291,0
23319,291,0
23311,291,0
23312,291,0
23320,291,0
23321,291,0
23322,291,0
23313,291,0
23314,291,0
43384,291,0
13954,291,0
13955,291,0
13956,291,0
13957,291,0
13958,291,0
23646,291,0
23647,291,0
23648,291,0
23649,291,0
23650,291,0
13595,291,0
13904,291,0
13975,291,0
13983,291,0
13596,291,0
13597,291,0
13369,291,0
13165,291,0
13950,291,0
13806,291,0
13805,291,0
23660,291,0
23658,291,0
13055,291,0
23659,291,0
13370,291,0
13343,291,0
13485,291,0
23595,291,0
23596,291,0
23615,291,0
23613,291,0
23634,291,0
23632,291,0
13371,291,0
13808,291,0
13807,291,0
13372,291,0
13367,291,0
13804,291,0
13803,291,0
13023,291,0
13368,291,0
13001,291,0
13002,291,0
23134,291,0
23137,291,0
23135,291,0
23138,291,0
23136,291,0
23139,291,0
23071,291,0
23074,291,0
23069,291,0
23072,291,0
23070,291,0
23073,291,0
23113,291,0
13786,291,0
23114,291,0
13788,291,0
23115,291,0
13791,291,0
13821,291,0
13972,291,0
13822,291,0
13973,291,0
13823,291,0
13974,291,0
23140,291,0
23143,291,0
23141,291,0
23144,291,0
23142,291,0
23077,291,0
23080,291,0
23075,291,0
23078,291,0
23076,291,0
23079,291,0
23090,291,0
23093,291,0
23092,291,0
23095,291,0
23091,291,0
23094,291,0
13373,291,0
13375,291,0
13810,291,0
13809,291,0
13812,291,0
13811,291,0
13814,291,0
13813,291,0
13377,291,0
13378,291,0
23602,291,0
23603,291,0
23614,291,0
23612,291,0
23633,291,0
23631,291,0
13816,291,0
13815,291,0
13818,291,0
13817,291,0
13820,291,0
13819,291,0
13382,291,0
23552,291,0
23528,291,0
23531,291,0
23514,291,0
13937,291,0
13940,291,0
23515,291,0
23513,291,0
23517,291,0
23119,291,0
23122,291,0
23120,291,0
23123,291,0
23121,291,0
23124,291,0
23086,291,0
23089,291,0
23084,291,0
23087,291,0
23085,291,0
23088,291,0
23547,291,0
23519,291,0
23521,291,0
23509,291,0
13961,291,0
13963,291,0
23125,291,0
23128,291,0
23126,291,0
23129,291,0
23127,291,0
23130,291,0
13982,291,0
23068,291,0
13980,291,0
23066,291,0
13981,291,0
23067,291,0
23054,291,0
23053,291,0
23035,291,0
23034,291,0
23065,291,0
23036,291,0
23058,291,0
23057,291,0
23038,291,0
23037,291,0
23040,291,0
23039,291,0
23060,291,0
23059,291,0
23042,291,0
23041,291,0
23044,291,0
23043,291,0
23549,291,0
23523,291,0
23525,291,0
23511,291,0
13965,291,0
13967,291,0
23105,291,0
23108,291,0
23106,291,0
23109,291,0
23107,291,0
23110,291,0
13351,291,0
13356,291,0
13352,291,0
13359,291,0
13354,291,0
13499,291,0
23102,291,0
23103,291,0
23104,291,0
13293,291,0
13294,291,0
23099,291,0
13380,291,0
13381,291,0
13285,291,0
13383,291,0
13384,291,0
23116,291,0
23117,291,0
23118,291,0
23098,291,0
23096,291,0
23097,291,0
13361,291,0
13362,291,0
13363,291,0
13796,291,0
13795,291,0
13798,291,0
13797,291,0
13802,291,0
13801,291,0
13800,291,0
13799,291,0
13364,291,0
13365,291,0
13366,291,0
22908,291,1.1
13345,291,0
13344,291,0
13347,291,0
13346,291,0
13348,291,0
13350,291,0
13353,291,0
13355,291,0
13357,291,0
13358,291,0
13360,291,0
13948,291,0
13970,291,0
13066,291,0
13067,291,0
13065,291,0
13949,291,0
13971,291,0
23654,291,0
23656,291,0
13069,291,0
13070,291,0
13068,291,0
23655,291,0
23657,291,0
13047,291,0
13000,291,0
13494,291,0
13495,291,0
13496,291,0
13497,291,0
13498,291,0
23580,291,0
23581,291,0
23578,291,0
23579,291,0
23577,291,0
23575,291,0
23576,291,0
23574,291,0
23572,291,0
23570,291,0
23571,291,0
23568,291,0
23569,291,0
23567,291,0
23565,291,0
23566,291,0
23563,291,0
23564,291,0
23562,291,0
23476,291,0
23475,291,0
23473,291,0
23472,291,0
23474,291,0
23560,291,0
23561,291,0
23558,291,0
23559,291,0
23557,291,0
23481,291,0
23480,291,0
23478,291,0
23477,291,0
23479,291,0
13317,291,0
23220,291,0
13985,291,0
23545,291,0
23345,291,0
23336,291,0
23346,291,0
23337,291,0
23347,291,0
23338,291,0
23375,291,0
23366,291,0
23376,291,0
23367,291,0
23368,291,0
23377,291,0
13439,291,0
23342,291,0
13440,291,0
23343,291,0
13441,291,0
23344,291,0
13442,291,0
23372,291,0
13443,291,0
23373,291,0
13444,291,0
23374,291,0
13445,291,0
23339,291,0
13446,291,0
23340,291,0
13447,291,0
23341,291,0
13448,291,0
23369,291,0
13449,291,0
23370,291,0
13450,291,0
23371,291,0
23391,291,0
23388,291,0
23389,291,0
23395,291,0
23390,291,0
23387,291,0
23394,291,0
23386,291,0
23392,291,0
23385,291,0
23393,291,0
23384,291,0
13910,291,0
13911,291,0
13914,291,0
13913,291,0
23278,291,0
23281,291,0
23279,291,0
23282,291,0
23280,291,0
23283,291,0
23241,291,0
23244,291,0
23242,291,0
23245,291,0
23243,291,0
23246,291,0
23256,291,0
23257,291,0
23258,291,0
23259,291,0
23239,291,0
23260,291,0
23261,291,0
23240,291,0
23262,291,0
23446,291,0
23447,291,0
23397,291,0
23398,291,0
23448,291,0
23449,291,0
23399,291,0
23401,291,0
23450,291,0
23451,291,0
23402,291,0
23403,291,0
23452,291,0
23453,291,0
23405,291,0
23454,291,0
23455,291,0
23406,291,0
23407,291,0
23456,291,0
23457,291,0
23408,291,0
23409,291,0
23458,291,0
23459,291,0
23410,291,0
23411,291,0
23460,291,0
23461,291,0
23412,291,0
23413,291,0
23414,291,0
23415,291,0
23462,291,0
23463,291,0
23416,291,0
23417,291,0
23418,291,0
23419,291,0
23420,291,0
23421,291,0
23423,291,0
23422,291,0
23424,291,0
23425,291,0
23426,291,0
23427,291,0
23464,291,0
23440,291,0
23428,291,0
23429,291,0
23430,291,0
23431,291,0
23465,291,0
23467,291,0
23432,291,0
23466,291,0
23468,291,0
23469,291,0
23433,291,0
23434,291,0
23435,291,0
23436,291,0
23437,291,0
23438,291,0
23470,291,0
23471,291,0
23439,291,0
23441,291,0
23442,291,0
23443,291,0
23444,291,0
23445,291,0
23214,291,0
23217,291,0
23215,291,0
23218,291,0
23216,291,0
23219,291,0
23162,291,0
23163,291,0
23164,291,0
23165,291,0
23166,291,0
23167,291,0
23221,291,0
23224,291,0
23222,291,0
23225,291,0
23223,291,0
23226,291,0
23168,291,0
23169,291,0
23170,291,0
23171,291,0
23172,291,0
23173,291,0
23540,291,0
13977,291,0
23541,291,0
13979,291,0
13020,291,0
13019,291,0
23191,291,0
23189,291,0
23190,291,0
23146,291,0
23101,291,0
23147,291,0
23198,291,0
23199,291,0
23200,291,0
23159,291,0
23160,291,0
23161,291,0
23188,291,0
23186,291,0
23187,291,0
23156,291,0
23157,291,0
23158,291,0
23227,291,0
23230,291,0
23228,291,0
23231,291,0
23229,291,0
23232,291,0
23174,291,0
23175,291,0
23176,291,0
23177,291,0
23178,291,0
23179,291,0
23197,291,0
23195,291,0
23196,291,0
23100,291,0
23148,291,0
23149,291,0
23192,291,0
23193,291,0
23194,291,0
23150,291,0
23151,291,0
23152,291,0
23201,291,0
23202,291,0
23213,291,0
23153,291,0
23154,291,0
23155,291,0
13952,291,0
13951,291,0
13284,291,0
23233,291,0
23236,291,0
23234,291,0
23237,291,0
23235,291,0
23238,291,0
23180,291,0
23181,291,0
23182,291,0
23183,291,0
23184,291,0
23185,291,0
13490,291,0
13096,291,0
13095,291,0
13098,291,0
13097,291,0
13386,291,0
13387,291,0
13839,291,0
13840,291,0
13838,291,0
13842,291,0
13843,291,0
13841,291,0
13848,291,0
13849,291,0
13847,291,0
13845,291,0
13846,291,0
13844,291,0
13388,291,0
13389,291,0
13390,291,0
13148,291,0
13147,291,0
13150,291,0
13149,291,0
13391,291,0
13392,291,0
13393,291,0
13851,291,0
13852,291,0
13850,291,0
13854,291,0
13855,291,0
13853,291,0
13860,291,0
13861,291,0
13859,291,0
13857,291,0
13858,291,0
13856,291,0
13394,291,0
13395,291,0
13396,291,0
23638,291,0
23599,291,0
23623,291,0
23586,291,0
23582,291,0
23626,291,0
13825,291,0
13826,291,0
13824,291,0
13828,291,0
13829,291,0
13827,291,0
13834,291,0
13835,291,0
13833,291,0
13831,291,0
13832,291,0
13830,291,0
23263,291,0
23264,291,0
23265,291,0
23266,291,0
23269,291,0
23267,291,0
23270,291,0
23268,291,0
23271,291,0
23272,291,0
23273,291,0
23274,291,0
23275,291,0
23276,291,0
23277,291,0
23590,291,0
13414,291,0
13399,291,0
13402,291,0
13405,291,0
13870,291,0
13873,291,0
13876,291,0
13408,291,0
13411,291,0
23604,291,0
23594,291,0
23619,291,0
23618,291,0
23637,291,0
13398,291,0
13401,291,0
13404,291,0
13869,291,0
13868,291,0
13872,291,0
13871,291,0
13875,291,0
13874,291,0
13407,291,0
13410,291,0
13413,291,0
23605,291,0
23622,291,0
23593,291,0
13415,291,0
23330,291,0
13416,291,0
23331,291,0
13417,291,0
23332,291,0
13418,291,0
23360,291,0
13419,291,0
23361,291,0
13420,291,0
23362,291,0
23334,291,0
23351,291,0
23333,291,0
23352,291,0
23353,291,0
23335,291,0
23381,291,0
23363,291,0
23382,291,0
23364,291,0
23383,291,0
23365,291,0
13878,291,0
13877,291,0
13880,291,0
13879,291,0
13882,291,0
13881,291,0
23598,291,0
23597,291,0
23620,291,0
23616,291,0
23591,291,0
23635,291,0
13865,291,0
13864,291,0
13867,291,0
13866,291,0
13156,291,0
13158,291,0
23062,291,0
23061,291,0
23046,291,0
23045,291,0
23048,291,0
23047,291,0
23032,291,0
23056,291,0
23055,291,0
23031,291,0
23030,291,0
23033,291,0
23064,291,0
23063,291,0
23050,291,0
23049,291,0
23052,291,0
23051,291,0
13421,291,0
13486,291,0
13422,291,0
13487,291,0
13423,291,0
13488,291,0
13884,291,0
13886,291,0
13888,291,0
13424,291,0
23651,291,0
13425,291,0
23652,291,0
13426,291,0
23653,291,0
13883,291,0
13885,291,0
13887,291,0
23348,291,0
23327,291,0
23349,291,0
23328,291,0
23350,291,0
23329,291,0
23378,291,0
23357,291,0
23379,291,0
23358,291,0
23380,291,0
23359,291,0
13959,291,0
23324,291,0
13968,291,0
23325,291,0
13969,291,0
23326,291,0
13491,291,0
23354,291,0
13492,291,0
23355,291,0
13493,291,0
23356,291,0
13893,291,0
13428,291,0
13430,291,0
13432,291,0
13892,291,0
13895,291,0
13897,291,0
13901,291,0
13899,291,0
13436,291,0
13438,291,0
13890,291,0
13891,291,0
13896,291,0
13894,291,0
13902,291,0
13900,291,0
13898,291,0
23608,291,0
23609,291,0
23621,291,0
23617,291,0
23592,291,0
23636,291,0
13342,291,0
13228,291,0
13227,291,0
13459,291,0
13460,291,0
13463,291,0
23002,291,0
23001,291,0
13906,291,0
13905,291,0
23004,291,0
23003,291,0
13465,291,0
13466,291,0
13467,291,0
13470,291,0
13464,291,0
13232,291,0
13231,291,0
13469,291,0
13468,291,0
13479,291,0
13478,291,0
13236,291,0
13235,291,0
13483,291,0
13482,291,0
13473,291,0
13474,291,0
13477,291,0
23006,291,0
23005,291,0
13908,291,0
13907,291,0
23008,291,0
23007,291,0
13481,291,0
13484,291,0
23607,291,0
13916,291,0
13909,291,0
13912,291,0
13915,291,0
23606,291,0
23630,291,0
23627,291,0
23589,291,0
23585,291,0
23000,291,0
23111,291,0
23112,291,0
13647,291,0
13648,291,0
13649,291,0
23131,291,0
23132,291,0
23133,291,0
23083,291,0
23081,291,0
23082,291,0
23554,291,0
23536,291,0
23516,291,0
13943,291,0
13946,291,0
13598,291,0
13863,291,0
13650,291,0
13889,291,0
13862,291,0
13903,291,0
13500,291,0
13519,291,0
13501,291,0
13520,291,0
13502,291,0
13523,291,0
13919,291,0
13922,291,0
13928,291,0
13925,291,0
13926,291,0
13918,291,0
13917,291,0
13921,291,0
13920,291,0
13927,291,0
13924,291,0
13923,291,0
23600,291,0
23601,291,0
23628,291,0
23624,291,0
23587,291,0
23583,291,0
23284,291,0
23285,291,0
23286,291,0
23247,291,0
23248,291,0
23249,291,0
23287,291,0
23288,291,0
23289,291,0
23250,291,0
23251,291,0
23252,291,0
23290,291,0
23291,291,0
23292,291,0
23253,291,0
23254,291,0
23255,291,0
13451,291,0
13452,291,0
13453,291,0
13930,291,0
13929,291,0
13932,291,0
13933,291,0
13931,291,0
13935,291,0
13934,291,0
13454,291,0
13455,291,0
13456,291,0
23610,291,0
23611,291,0
23629,291,0
23625,291,0
23588,291,0
23584,291,0
13319,291,0
13320,291,0
13318,291,0
13322,291,0
13321,291,0
13324,291,0
13323,291,0
13326,291,0
13327,291,0
13325,291,0
13329,291,0
13328,291,0
13330,291,0
13332,291,0
13331,291,0
13334,291,0
13333,291,0
13335,291,0
13338,291,0
13337,291,0
13340,291,0
13339,291,0
23640,291,0
13341,291,0
7003,291,0
7002,291,0.9
7931,291,0.9
11736,291,2.9
11087,291,2.9
11086,291,3.7
11084,291,1.8
11735,291,1.2
11082,291,1.2
11081,291,2
11734,291,2
11605,291,2.5
11609,291,2.6
11080,291,2.8
14638,291,0
14631,291,4
43205,291,0.4
43260,291,2
43078,291,1.6
14021,291,0
14644,291,0
14035,291,0
14033,291,0
43528,291,0
14062,291,0
14531,291,0
14054,291,0.4
14016,291,0.4
14083,291,0
14063,291,9.1
14461,291,0
14538,291,1.1
14090,291,0
14036,291,0.2
14060,291,0
14030,291,0
14061,291,0
14026,291,0
14042,291,0
14636,291,0
14065,291,0
14076,291,0
14068,291,37.5
14059,291,1.7
14022,291,0
14041,291,1.2
14043,291,0.6
14080,291,0
14654,291,0
14038,291,0
14064,291,0
14409,291,3.8
14315,291,0
14309,291,0
14460,291,0
14599,291,0
14462,291,0
14067,291,6.7
14066,291,3.1
14044,291,0.4
14055,291,18.2
14047,291,18.1
14045,291,1.6
14635,291,0
14605,291,0
14075,291,0
14031,291,0
14058,291,0
14073,291,0
14074,291,0
18010,291,2.1
18011,291,1.8
18009,291,1.3
18016,291,1.5
18014,291,0.7
18015,291,2.8
18012,291,2
18013,291,1.9
17148,291,0
17149,291,0
9046,291,3.4
9048,291,5
9042,291,5.3
35015,291,3.2
9043,291,0.1
7005,291,0
9052,291,1.6
9352,291,2.6
9163,291,7.5
9055,291,2.2
9054,291,2.7
9050,291,2.4
9353,291,4.9
9053,291,4.4
7006,291,1
7007,291,0
7008,291,0
42129,291,0
42161,291,0
7960,291,0
7959,291,0
7952,291,0
7971,291,0
7010,291,0
7936,291,0
7937,291,0
7011,291,0.5
9056,291,2.6
9057,291,5.3
7922,291,0
7923,291,0
7924,291,0
7013,291,0
7910,291,0
7014,291,0
18079,291,4.5
18376,291,4.9
18080,291,3
18081,291,3.2
18082,291,2.9
18084,291,14.3
18085,291,2.9
18019,291,1.1
18021,291,4.7
28306,291,4.9
28285,291,9.7
18972,291,2.1
18022,291,6.5
18023,291,2.3
18412,291,6.5
18025,291,5.5
18027,291,2.3
18028,291,2.5
18029,291,2.2
18030,291,3.1
18032,291,2.6
18033,291,2.7
18035,291,7.4
18036,291,8.1
28307,291,2.2
28287,291,4.8
18037,291,4.5
18038,291,4.9
18039,291,4
18040,291,4.3
18955,291,2.3
28286,291,9.6
18041,291,2.2
18413,291,2.2
18042,291,7.4
18971,291,6.3
18954,291,1.7
18043,291,3
18383,291,3.3
18044,291,6.5
18045,291,7.1
18047,291,4.3
18048,291,4.7
18414,291,4.3
18049,291,12
18050,291,14.3
18053,291,12
18055,291,11.1
18057,291,9.7
18059,291,4.9
18384,291,5.3
28288,291,2.2
18060,291,5.8
18061,291,6.4
18953,291,0.7
18064,291,4
18066,291,4
18068,291,2.1
18385,291,2.3
18065,291,4.7
18967,291,9.2
18069,291,2.7
18416,291,2.3
18070,291,2.5
18073,291,2
18071,291,2
18075,291,6
18076,291,9.2
18077,291,6
18078,291,6.7
9059,291,4.9
43595,291,2.1
43100,291,3.1
18459,291,1.5
16054,291,3.7
16353,291,5.4
16053,291,5.4
16052,291,25
11088,291,4.2
11097,291,2.8
11096,291,2.7
11969,291,2.5
11742,291,3.3
11091,291,3.3
11743,291,3
11093,291,3
11092,291,3
11744,291,3
11095,291,3
11094,291,3
11090,291,2.6
7015,291,0
11745,291,2.6
11099,291,2.6
11746,291,4.1
11101,291,4.1
11100,291,3.8
11098,291,3.8
20008,291,10
20011,291,10
20010,291,2.7
20009,291,10.3
20013,291,4.5
20012,291,12.5
11747,291,1.8
11105,291,1.8
11104,291,3.3
21251,291,2.8
21256,291,1.3
21385,291,0.7
21384,291,0.7
21383,291,1.8
21254,291,1.4
21255,291,1.6
21249,291,2.9
21386,291,1.4
21250,291,2
21387,291,2.3
21509,291,2.7
21259,291,2.4
21258,291,0.9
21141,291,0
21252,291,1.8
21253,291,1
22918,291,3.4
22917,291,4.2
22928,291,6.9
7269,291,0.2
1003,291,0
43214,291,0
4601,291,0
4602,291,0
1001,291,0
1002,291,0
1145,291,0
11754,291,1
11117,291,1
11116,291,1
11755,291,1.7
11120,291,1.7
11119,291,1.2
11749,291,2.3
11750,291,2.3
11751,291,1.9
11110,291,1.9
43143,291,3.1
43144,291,3.1
11109,291,2.5
11752,291,2.6
11113,291,2.6
11112,291,2.1
11753,291,2.8
11115,291,2.8
11114,291,3.1
18087,291,0.5
18112,291,2.1
18086,291,1.5
18088,291,0.2
18090,291,1.4
18095,291,1.2
18096,291,2.2
18097,291,2.3
18101,291,1.6
18110,291,3.7
18114,291,1.7
18117,291,2.9
18119,291,0.8
18957,291,1
18120,291,0.6
18451,291,1.1
18121,291,1
18418,291,1
18127,291,3.2
28296,291,14.9
18128,291,1
28297,291,14.9
18133,291,0.5
18135,291,0.7
18419,291,0.7
18102,291,1
18139,291,0.8
18140,291,1.5
18141,291,0.3
18453,291,1.3
18142,291,0.7
18144,291,1.2
18420,291,1.1
18146,291,0.7
6997,291,0
6998,291,0
16200,291,6.2
6999,291,0
6241,291,2
6242,291,1.2
6244,291,0.8
6245,291,0.4
6250,291,1.2
6251,291,1.2
6252,291,1.2
6383,291,0.8
6384,291,1.2
6387,291,0.8
6388,291,1.2
6389,291,0.8
6392,291,1.2
6393,291,0.8
6396,291,0.8
6398,291,2.4
6399,291,0.8
6400,291,0.8
6403,291,1.6
6454,291,2.9
27007,291,0.4
27008,291,0.8
27009,291,0.8
6408,291,1.6
6414,291,3.3
6415,291,1.6
6418,291,1.2
6429,291,1.2
6433,291,1.2
6434,291,1.3
6437,291,2.4
6438,291,0.8
6439,291,0.8
6441,291,0.8
6447,291,1.6
6457,291,1.2
6459,291,2
6462,291,1.2
6395,291,1
6391,291,1.5
6405,291,0.8
6431,291,1.2
6318,291,0
6319,291,0
6317,291,0
6321,291,0
6986,291,1
6195,291,0.4
6988,291,1
6989,291,0.6
6529,291,0.8
6548,291,0.4
27019,291,0.8
27021,291,0.7
6537,291,1.2
6541,291,0.8
6617,291,0.4
6543,291,1.2
27017,291,0.8
27018,291,1.2
6544,291,1.6
6545,291,0.8
6546,291,1.2
6580,291,1.2
6470,291,0
6482,291,0.7
6487,291,0
6324,291,0
6325,291,0
6332,291,0
16201,291,5.4
6497,291,0.4
6502,291,0.4
6503,291,1.2
6504,291,1.2
6505,291,1.2
6213,291,0.8
6117,291,6.3
6091,291,0
6097,291,0
6145,291,0.8
6146,291,2.4
6003,291,0
6014,291,0
6054,291,0.8
6041,291,0.8
6047,291,0.8
27013,291,2.4
6057,291,0
6058,291,0.8
6082,291,0.8
6084,291,1.6
6311,291,0
6312,291,2.4
6333,291,0.8
6334,291,2.4
6340,291,2.4
6342,291,0
6343,291,3.2
6350,291,0.8
6353,291,0.8
6354,291,0.8
6355,291,0.8
6357,291,0.8
6361,291,3.1
27014,291,2.4
27032,291,4
6364,291,1.6
6365,291,0.8
6366,291,2.4
6367,291,0.8
6351,291,0.8
27015,291,0.8
6349,291,0.8
6380,291,3.1
6379,291,0.8
6374,291,2.4
6373,291,1.6
6596,291,0.3
6586,291,0.3
6587,291,0.7
6588,291,0.7
6589,291,1
6590,291,0.7
6592,291,0.7
27022,291,0.7
27023,291,0.7
6594,291,1
6595,291,0.3
6585,291,0.3
6326,291,0
6212,291,0.8
6214,291,1.6
6215,291,0.8
6209,291,1.6
6218,291,1.6
6219,291,0.4
27034,291,1.2
6038,291,2.2
6309,291,0.9
6336,291,4.1
6337,291,0
6338,291,0.6
6339,291,1.6
6341,291,1.3
6363,291,0.8
31006,291,0.8
31001,291,0.8
31002,291,0.8
6377,291,1.1
31008,291,0.8
31016,291,0.4
31011,291,0.8
31010,291,0.8
31018,291,2.1
31017,291,0.8
31012,291,0.8
31005,291,0.8
31013,291,0.8
6375,291,2.1
5111,291,0
10998,291,0
10130,291,0
19098,291,3.1
19065,291,5
19070,291,0
19075,291,1.2
19074,291,0
19076,291,0.1
19071,291,3.8
43031,291,4.3
19905,291,7.2
19085,291,0
19086,291,5
19079,291,0
19910,291,3.3
19268,291,7.5
19384,291,0
19099,291,0
19919,291,0
19379,291,1.7
19301,291,2.1
19100,291,1.7
19101,291,2.5
19102,291,0.7
19104,291,0.9
19103,291,0
43057,291,18
19106,291,0.1
19117,291,4.5
19107,291,0
43058,291,0
19243,291,2
19250,291,1.9
19249,291,3.3
19084,291,4.4
19236,291,3.6
19130,291,3.8
19248,291,4.3
19108,291,0.2
19109,291,1
19110,291,2.2
19914,291,0
19917,291,2.5
19159,291,1.5
19327,291,9.1
19326,291,8.7
19897,291,10.4
19328,291,7.8
19255,291,7.6
19254,291,2.4
42227,291,5.6
19292,291,2
19141,291,2.8
19157,291,2.7
42148,291,4
19140,291,3.7
19115,291,2
19135,291,1
19256,291,0.7
19258,291,2.8
42196,291,2.9
19308,291,1.3
19307,291,1
19306,291,2.3
19370,291,0
19369,291,0
19368,291,0
19363,291,0
19302,291,2.6
19155,291,2.3
19359,291,1.9
19295,291,4.7
19309,291,0
19156,291,0
19313,291,0
19315,291,0
19160,291,1.1
42183,291,3
19161,291,3.1
19116,291,0.1
19120,291,3.4
19279,291,5.7
19126,291,4.7
19132,291,6.2
19134,291,3.3
19142,291,3.7
19143,291,3.8
19144,291,1
19153,291,2.4
19111,291,2
19068,291,0.2
19069,291,2
19913,291,1.7
19119,291,2.5
19145,291,1.9
19105,291,9.7
19118,291,1.9
19149,291,2.2
43046,291,3.3
19147,291,4.1
19148,291,2.5
19216,291,3.5
19238,291,3.1
19896,291,3.6
19239,291,3.9
19150,291,3.6
19151,291,3
19252,291,2.9
19152,291,0.9
19080,291,5.9
19701,291,5.9
19154,291,7.7
19136,291,1.3
19866,291,2.4
19164,291,6.5
19858,291,2.5
19081,291,5.5
19083,291,2.1
19093,291,1.7
19382,291,0
19383,291,0
19064,291,0.1
19138,291,2.5
19067,291,0.1
19092,291,0.6
19112,291,0
19162,291,1.9
19087,291,0.2
19181,291,2
19091,291,2
2054,291,3.2
9060,291,2.8
14552,291,0
14121,291,0
14148,291,0
14400,291,0
14147,291,0
14130,291,0
14136,291,0
14142,291,0
14144,291,0
14416,291,0
14146,291,0
14166,291,0
14143,291,0
14151,291,0
14537,291,0
14150,291,0
14153,291,0
14149,291,0
14157,291,0
14145,291,0
14155,291,0
11122,291,1.6
35211,291,0
7270,291,0
7272,291,0
7271,291,0
7275,291,0
7273,291,0
7274,291,0
16055,291,39.8
14168,291,8
14169,291,0.4
36053,291,1.4
36057,291,0.9
36043,291,1.3
36632,291,1.5
36048,291,1.7
11655,291,0.8
11683,291,23.6
11960,291,2.9
11759,291,1.5
11758,291,1.8
11128,291,1.5
11126,291,1.8
11757,291,3
11125,291,3
11760,291,3.3
11131,291,3.3
11130,291,3.3
11124,291,2.8
11134,291,1.8
11935,291,0.3
11949,291,0.3
35195,291,4.5
11761,291,2.3
11136,291,2.3
11762,291,2.7
11138,291,2.7
11137,291,2.3
11967,291,3.3
11968,291,3.3
11965,291,3.2
11135,291,2
11142,291,1.2
11141,291,1.8
11764,291,1.6
11144,291,1.6
11143,291,1.6
11145,291,1.7
43218,291,9.1
8657,291,18.5
8645,291,6.2
8646,291,6
8681,291,11
8684,291,8.5
8683,291,7.5
8204,291,3.8
43241,291,8.5
42236,291,4.3
8595,291,2.4
8019,291,5.6
8579,291,11.2
8586,291,4.3
8263,291,6.5
8678,291,2
8262,291,6.8
8274,291,5.8
8239,291,7.6
8273,291,4.2
8013,291,9.4
8592,291,6.1
8593,291,6.2
8553,291,6.7
8594,291,2
8513,291,5.3
8666,291,9.4
8272,291,6.8
8271,291,5.7
8667,291,6.2
8635,291,5.8
8017,291,5.1
8270,291,5
8582,291,10.2
8671,291,7.3
8669,291,35.2
8651,291,38.5
8244,291,47.5
8596,291,19.1
8597,291,15
8598,291,19.2
8668,291,18.2
8599,291,18.2
8268,291,4.2
8267,291,6.4
8679,291,4.8
8583,291,5.9
8035,291,5.6
8643,291,8.3
8045,291,7.1
8670,291,7.5
8057,291,3.9
8243,291,6.3
8048,291,8.8
8050,291,5
8682,291,6
8087,291,8.7
8277,291,5
8637,291,7
8202,291,8.2
8245,291,7.5
8634,291,5.5
8261,291,9.9
8194,291,4.7
8064,291,4.4
8370,291,4.8
8247,291,9.1
8078,291,4.5
8082,291,12.2
8089,291,10.1
8077,291,9.1
8037,291,9
8290,291,14.1
8537,291,11.8
8389,291,6
8567,291,11.7
8388,291,8
8608,291,18.9
8560,291,15
8609,291,9.5
8393,291,20.1
8649,291,16.8
8589,291,15.8
8386,291,14.5
8705,291,17.3
8390,291,21.7
8387,291,13.7
8590,291,13.2
8610,291,17.9
8647,291,7.1
8663,291,10.5
8539,291,10.7
8591,291,10.7
8697,291,5
8463,291,5
8648,291,6.1
8538,291,8.1
8605,291,12.2
8462,291,11.2
8700,291,9.6
8706,291,9.8
8005,291,42.5
8028,291,17.3
8001,291,29.3
8003,291,9.3
8588,291,3.9
8014,291,1.4
8020,291,3.3
8068,291,8.4
8023,291,12.7
8259,291,2.8
8030,291,9.3
8698,291,8.6
8069,291,2.2
8319,291,10.8
8695,291,10.8
8032,291,0.5
8309,291,3.4
8071,291,5
8284,291,7.4
8189,291,7
8376,291,7.4
8384,291,13.8
8286,291,8.3
8058,291,2.8
8060,291,11.4
8696,291,9.2
8065,291,0.4
8288,291,0.4
8318,291,5.8
8067,291,1.1
8603,291,8.6
8453,291,9.5
8587,291,11.3
8701,291,9.6
8383,291,8.5
8602,291,10.3
8380,291,8
8531,291,8.1
8660,291,7.4
8661,291,9
8615,291,2.4
8614,291,7.1
8611,291,28
8659,291,1.4
8617,291,10.2
8616,291,10.8
8631,291,10.9
8621,291,10.6
8677,291,10.6
8031,291,10.8
8652,291,9.9
8658,291,10.6
8699,291,9.4
8653,291,2.7
8707,291,10.3
8584,291,10.6
8613,291,8.6
8542,291,10.2
8459,291,10.3
8469,291,10.1
8471,291,8.3
8543,291,9.3
8493,291,2.2
8347,291,1.6
8487,291,4.7
8672,291,3.3
8494,291,4.7
8206,291,3.1
8495,291,1.1
8346,291,2.3
8083,291,1.9
8348,291,1
8409,291,2.3
8500,291,10.5
8501,291,1
8478,291,2.6
8476,291,2.9
8481,291,4.4
8676,291,5.9
8491,291,5.6
8138,291,4.6
8674,291,6.2
8675,291,6.1
8484,291,13.7
8349,291,2.5
8656,291,16.6
43495,291,8
8029,291,18.3
42297,291,11.2
8544,291,11.1
8665,291,5.8
8061,291,13.7
8192,291,4.7
8554,291,7.4
8002,291,7.1
8015,291,1.6
8034,291,0.8
8073,291,5
8038,291,12.1
8039,291,10.2
42261,291,9.7
42265,291,9.3
8633,291,7.8
43570,291,4.2
8654,291,6.2
8655,291,5.2
42240,291,5.5
8662,291,5.4
8081,291,10.7
8046,291,3.1
43393,291,14.7
8191,291,9.6
8147,291,12
8148,291,12.4
8305,291,4.4
8632,291,8.3
8685,291,9.1
8054,291,10.2
8010,291,2.5
8011,291,2.6
8625,291,2.5
8629,291,2.6
8012,291,2.7
8550,291,2.6
8211,291,2.1
8047,291,3.4
8220,291,9.6
8628,291,6.3
8353,291,8.1
8355,291,2.7
8354,291,2.6
8351,291,2.5
8352,291,8.6
8627,291,9.9
8214,291,8.3
8215,291,8.7
8218,291,9.4
8018,291,15.3
8549,291,6.3
8210,291,6.3
8049,291,6.6
8066,291,1.4
8146,291,9.4
8365,291,11.8
8059,291,2.3
8216,291,10.2
8505,291,2.6
8506,291,2.7
8025,291,0.7
8507,291,1.5
8504,291,16.9
8074,291,10.7
8156,291,1.7
8085,291,10.2
8363,291,41.3
8366,291,11.9
8435,291,20.3
8508,291,1.4
8509,291,0.7
42237,291,11.4
43245,291,9.7
8084,291,15.1
8157,291,4.4
8161,291,0.8
8091,291,0.8
8090,291,4.6
8164,291,0.7
8159,291,3.9
8160,291,1.6
8165,291,0.7
8168,291,0.1
8101,291,0.1
8100,291,0.7
8578,291,1.5
8577,291,0.4
8576,291,4.4
8575,291,0.7
8574,291,0.7
8573,291,4.4
8106,291,3.3
8107,291,0.6
8169,291,0.5
8103,291,0.5
8102,291,3.8
8105,291,0.8
8104,291,4.2
8173,291,0.8
8113,291,0.8
8172,291,1.9
8562,291,18.5
8561,291,12
8568,291,12.5
8569,291,12.7
8702,291,9.2
8703,291,9.3
8704,291,9.3
8177,291,2.8
8512,291,0.4
8488,291,2.9
8489,291,1.8
8116,291,2.9
8511,291,0.4
8680,291,7.2
8122,291,10
8123,291,1.7
8128,291,8
8129,291,2
8132,291,5.7
8133,291,1.3
8180,291,1.7
8120,291,10.1
8121,291,1.7
8094,291,4.2
8092,291,4.2
8093,291,1.1
8314,291,4.8
8316,291,1.6
8449,291,4.3
8221,291,4.7
8096,291,5.1
8450,291,4.2
8444,291,4.6
8640,291,9.8
8642,291,9.7
8124,291,8.3
8417,291,6.7
8639,291,8.8
8688,291,22.3
8410,291,8.2
8411,291,6.4
8225,291,6
8641,291,8.3
8130,291,7.2
8436,291,5.8
8228,291,6.9
8694,291,13
8231,291,14.3
8690,291,7
8689,291,7.7
8693,291,7.1
8692,291,7.4
8691,291,8.5
8200,291,11.9
8451,291,9.4
8402,291,9.4
8687,291,12.6
8686,291,13
8452,291,9.9
8673,291,10.3
8143,291,2.7
8182,291,2
8142,291,12.8
8183,291,1.6
8145,291,1.6
8144,291,9.5
11765,291,2.1
11148,291,2.1
11147,291,1.6
11766,291,2.8
11150,291,2.8
11149,291,1.7
1045,291,0
44048,291,0
1046,291,0
1254,291,0
1047,291,0
1215,291,0
42258,291,0
19434,291,10.7
1164,291,0.1
1259,291,0
43276,291,0
1048,291,0
1161,291,0
43278,291,0
1061,291,0
1004,291,0
1005,291,0
1006,291,0
1007,291,0
1008,291,0
1009,291,0
1265,291,0
1260,291,0
1270,291,0
1010,291,0
1011,291,0
1012,291,0
1013,291,0.2
1016,291,0
42235,291,0.6
43352,291,0
43396,291,0
1015,291,0
1014,291,0
43273,291,0.1
1017,291,0
1186,291,0
43274,291,0
1018,291,0
1019,291,0
1020,291,0
1228,291,0
1021,291,0
1156,291,0
1157,291,0
1159,291,0
1022,291,0
1023,291,0
1024,291,0
1168,291,0
1169,291,0
1251,291,0
1209,291,0
1165,291,0
1166,291,0
1167,291,0
1025,291,0
42155,291,0
1029,291,0
1271,291,0
43597,291,0
42304,291,1.8
1028,291,0
1026,291,0
1027,291,0
1030,291,0
42303,291,0
1031,291,0
1204,291,0
1032,291,0
1033,291,0
43340,291,0
1146,291,0
1042,291,0
43275,291,0
1253,291,0
42205,291,0
43398,291,0
1043,291,0.1
1044,291,0
43379,291,0
1034,291,0
1035,291,0
1208,291,0
1037,291,0
1036,291,0
1038,291,0
1039,291,0
1040,291,0
43589,291,0
43405,291,0
1266,291,0
1041,291,0
18147,291,0.4
18148,291,1.9
7016,291,0
9062,291,3
9362,291,1.2
9067,291,0.8
9066,291,1.1
9065,291,0.8
9064,291,1.1
9068,291,1.6
9063,291,1.6
9075,291,1.5
9072,291,1.5
9073,291,1.5
9074,291,1.4
9367,291,2.3
9071,291,1.5
9076,291,2.1
9070,291,2.1
9044,291,2.5
19163,291,2.4
43060,291,2.4
21143,291,0.9
21144,291,3.2
5326,291,0
7961,291,0
7932,291,0
7933,291,0
5324,291,0.3
5323,291,1.2
22906,291,1.1
7017,291,0
7018,291,0.3
22978,291,1.7
5746,291,0
5747,291,0
5748,291,0
5749,291,0
5062,291,0
5357,291,0
5693,291,0
5358,291,0
5000,291,0
5359,291,0
5319,291,0
5356,291,0
5361,291,0
5334,291,0
5362,291,0
5339,291,0
5051,291,0
5347,291,0
5052,291,0
5048,291,0
5054,291,0
5055,291,0
5341,291,0
5056,291,0
5053,291,0
5058,291,0.3
5059,291,0.1
5060,291,0
5348,291,0
5061,291,0
5057,291,0
5063,291,0
5064,291,0
5342,291,0
5065,291,0
5314,291,0
5676,291,0
5671,291,0
5073,291,0
5071,291,0
5036,291,0
5037,291,0
5038,291,0
5034,291,0
5044,291,0
5045,291,0
5046,291,0
5043,291,0
5677,291,0
5672,291,0
5096,291,0
5067,291,0.3
5068,291,0.1
5069,291,0
5349,291,0
5070,291,0
5066,291,0
5072,291,0
5343,291,0
5074,291,0
5021,291,0
5022,291,0
5020,291,0
5076,291,0.3
5077,291,0.1
5078,291,0
5079,291,0
5075,291,0
5081,291,0
5082,291,0
5083,291,0
5080,291,0
5031,291,0.1
5032,291,0
5033,291,0
5029,291,0
5040,291,0
5041,291,0
5042,291,0
5039,291,0
5001,291,0
5004,291,0
5005,291,0
5007,291,0.3
5008,291,0.1
5009,291,0
5010,291,0
5006,291,0
5012,291,0.1
5011,291,0
5013,291,0
5014,291,0
5087,291,0
5084,291,0
5089,291,0
5090,291,0
5088,291,0
5047,291,0
5018,291,0
5344,291,0
5019,291,0
5015,291,0
5092,291,0.3
5093,291,0.1
5094,291,0
5351,291,0
5095,291,0
5091,291,0
5097,291,0
5098,291,0
5345,291,0
5099,291,0
5101,291,0.3
5102,291,0.1
5103,291,0
5352,291,0
5104,291,0
5100,291,0
5106,291,0
5107,291,0
5346,291,0
5108,291,0
5105,291,0
5277,291,0
5311,291,0
5138,291,0
5137,291,0
5134,291,0
5133,291,0
5136,291,0
5135,291,0
5308,291,0
5307,291,0
5310,291,0
5309,291,0
5687,291,0
5689,291,0
5688,291,0
5680,291,0
5679,291,0
5678,291,0
5690,291,0
5692,291,0
5691,291,0
5681,291,0
5683,291,0
5682,291,0
5335,291,0
5024,291,0
5023,291,0
5333,291,0
5332,291,0
5026,291,0
5025,291,0
5661,291,0
5028,291,0
5027,291,0
43128,291,3.6
43410,291,4.3
22974,291,1.3
22975,291,0.7
5120,291,0
5119,291,0
5116,291,0
5115,291,0
5118,291,0
5117,291,0
5110,291,0
5109,291,0
5112,291,0
5114,291,0
5113,291,0
5673,291,0
5675,291,0
5684,291,0
5686,291,0
5685,291,0
5674,291,0
5132,291,0
5131,291,0
5128,291,0
5127,291,0
5130,291,0
5129,291,0
5122,291,0
5121,291,0
5124,291,0
5123,291,0
5126,291,0
5125,291,0
32020,291,0.1
5312,291,0.6
5320,291,0.5
5313,291,0.9
16157,291,10.8
16358,291,6.4
16359,291,6.3
16058,291,4.4
16360,291,4.4
16357,291,7.6
16057,291,7.6
16056,291,12.2
11152,291,4
11154,291,1.5
11151,291,3.1
3860,291,0
3870,291,0.5
3819,291,0
3820,291,0
22904,291,3.3
16059,291,4.4
22969,291,2.9
22911,291,0.5
11615,291,26.2
11156,291,2.5
14181,291,2.6
14182,291,0.3
14557,291,4.5
14558,291,0.4
14177,291,0.4
43369,291,0.6
19125,291,5.4
19902,291,7
19903,291,8
19904,291,10.9
35204,291,20
7019,291,0
11698,291,3
11767,291,2.3
11158,291,2.3
11157,291,3
18964,291,1.2
14262,291,0.2
14263,291,0.1
14187,291,0.4
9433,291,1.7
44203,291,0
14195,291,3.7
14197,291,4
14196,291,7.5
14192,291,3.7
14194,291,0.5
14390,291,0.6
19859,291,29.8
19860,291,33.9
19165,291,37
19171,291,20
19166,291,29.8
14204,291,4.8
14236,291,23.3
14421,291,0.1
14237,291,0.4
14209,291,0
14201,291,0
14210,291,0
14202,291,0
43401,291,0.5
14218,291,0
14219,291,0
14214,291,0
14203,291,0
14215,291,0
14222,291,0.5
14223,291,0
14224,291,1.9
18103,291,1
18104,291,2
18417,291,2
18107,291,1.8
18108,291,1.2
18105,291,2
18106,291,2.5
11768,291,4
11162,291,4
11769,291,2.8
11164,291,2.8
11163,291,3.6
11161,291,4
18610,291,1.7
28293,291,1.9
28294,291,2.3
28289,291,4.4
28290,291,3.5
18150,291,1.1
28291,291,0.9
18151,291,2.1
28298,291,11.1
18196,291,4.2
18155,291,0.8
18421,291,0.8
18159,291,2
18422,291,2.5
18158,291,3
18160,291,1.8
18198,291,1.6
18165,291,2.8
18163,291,1.5
18164,291,1.7
28299,291,2.9
18166,291,2.9
18167,291,5.2
18199,291,4.1
18168,291,2.7
18157,291,3.4
28309,291,5.1
18170,291,4.6
18171,291,1.6
18156,291,2.8
18172,291,2.2
18174,291,2.2
18173,291,3.4
28302,291,5.7
18175,291,1
18423,291,1
18176,291,2
18177,291,1
28300,291,2.6
18178,291,2.8
18179,291,2.7
18200,291,2.9
18182,291,2.5
18183,291,2.8
18190,291,1.9
18185,291,2.1
18186,291,1.7
28301,291,3.4
18187,291,1.1
18188,291,1.2
18191,291,1.2
18193,291,1.8
18192,291,1.3
18209,291,1.6
18204,291,1.3
18208,291,1.2
18205,291,0.9
18206,291,0.8
18210,291,1.5
18213,291,2
18212,291,1.9
11165,291,2.8
20015,291,79
22973,291,1
20018,291,1.9
20017,291,6.4
20317,291,6.4
20019,291,6.4
20315,291,8.4
20316,291,7.3
20016,291,7.3
20014,291,7.3
11656,291,1.2
35183,291,20.5
11907,291,1.2
11906,291,1.2
11909,291,2
11908,291,2
11905,291,2.3
11904,291,0.7
11903,291,1.7
11902,291,2.7
11901,291,2.7
11912,291,2.4
11911,291,2.4
11910,291,2.9
11915,291,2.8
11914,291,2.1
11913,291,2.8
11900,291,2.7
11170,291,1.7
11772,291,1.2
11174,291,1.2
11771,291,1.7
11773,291,2
11176,291,2
11172,291,2
11770,291,2.4
11168,291,2.4
11179,291,2.4
11178,291,2.1
11775,291,2.8
11181,291,2.8
11180,291,2.8
11774,291,2.4
11167,291,2
11182,291,2.6
7020,291,0
20322,291,3.9
20022,291,3.9
20522,291,3.9
20422,291,3.9
20323,291,6.7
20023,291,6.7
20324,291,6.3
20024,291,6.3
20325,291,7.1
20025,291,7.1
20320,291,7.3
20020,291,7.3
20027,291,0.9
20029,291,1.4
20028,291,5
11777,291,5
11192,291,5
11778,291,6.4
11196,291,6.4
11195,291,5
11191,291,5
16361,291,3.6
16061,291,3.6
16060,291,10.7
16065,291,3.3
16064,291,3.3
16363,291,6.5
16063,291,6.5
16062,291,10.6
11197,291,3.3
36024,291,0.7
36604,291,1
36025,291,1.6
36605,291,0.3
36606,291,1.6
36040,291,1.1
36609,291,0.7
36026,291,2.2
36607,291,3.5
18236,291,2.6
18434,291,2.4
18965,291,3.3
18214,291,2.3
18927,291,1.9
18215,291,3.4
28303,291,6.4
18961,291,2.4
18962,291,2.4
18216,291,16.5
18218,291,2.8
18400,291,5
18217,291,3
18219,291,11.8
18220,291,6.3
18424,291,6.3
18221,291,8
18222,291,7.4
18223,291,1.9
28292,291,3.5
18225,291,3.6
18226,291,22.9
18227,291,20.9
18228,291,2.8
18457,291,2.7
18425,291,2.9
18426,291,3
18966,291,0
18960,291,3.8
18229,291,2.3
18427,291,1.6
18230,291,1.9
18231,291,2.3
28308,291,4.9
18428,291,4.5
18950,291,3.4
18232,291,6.9
18233,291,3.1
18234,291,4.4
18235,291,10.3
18429,291,10.5
18949,291,10.9
9079,291,5.7
9078,291,4.6
14242,291,0
14243,291,0
14430,291,0.2
14431,291,0
43382,291,0.1
9081,291,1
14238,291,0
43404,291,0.1
14240,291,0.1
14241,291,0.1
9082,291,0
18237,291,0.8
18969,291,0.9
1205,291,1.1
1206,291,1.2
42141,291,0
1067,291,0
1068,291,0
1069,291,0
42136,291,0
1049,291,0
1053,291,0
1050,291,0
1052,291,0
1199,291,0
1056,291,0
1055,291,0
1054,291,0
42116,291,0
42158,291,0
42157,291,0
11781,291,0.7
11204,291,0.7
11203,291,1.1
18240,291,2.5
18239,291,2.6
18241,291,2.6
18242,291,5.1
18243,291,5
15137,291,0
15138,291,0.5
15136,291,0
15141,291,0
15140,291,0
15142,291,0
15139,291,0
15226,291,0
15143,291,0
15227,291,0
15144,291,0
15243,291,0
15242,291,0
15146,291,0
15145,291,0
15148,291,0
15147,291,0
15152,291,0
15150,291,0.4
15151,291,0
15153,291,0
15149,291,0
15228,291,0
15154,291,0
11206,291,0.7
11205,291,0.5
9084,291,4.3
9085,291,6.8
14423,291,0.8
14422,291,9.4
1252,291,0
11782,291,2.9
11208,291,2.9
11207,291,3.5
18245,291,1
18244,291,1.3
18430,291,1.2
18246,291,1.9
18431,291,1.9
18433,291,1.9
18247,291,2
18435,291,1.9
9087,291,8
9421,291,6.7
36614,291,0.8
36027,291,1.1
36028,291,1.3
36029,291,1
36610,291,3.5
36612,291,1.5
36030,291,2.7
36613,291,1.2
36611,291,1.6
36031,291,2.4
36032,291,1.5
1070,291,0
1071,291,0
1072,291,0
1073,291,0
19186,291,1.4
19168,291,0
19094,291,0
19182,291,0.6
19220,291,5.1
19225,291,0
19222,291,0
21473,291,1.9
21474,291,2.4
21475,291,3
21476,291,2.1
21477,291,2.3
21478,291,2.8
21479,291,2.3
21480,291,2.8
2045,291,2.1
27053,291,0.6
27052,291,0.7
27054,291,0.6
11616,291,2.9
21277,291,2.2
21279,291,2.5
21278,291,2.4
21282,291,2
21280,291,2.1
21492,291,2.6
21281,291,2.4
21494,291,2.4
21493,291,2.6
21495,291,2.6
18251,291,2.2
18248,291,1.7
18249,291,1.9
18250,291,1.5
18253,291,1.2
18255,291,2.1
18436,291,1.2
18254,291,0.8
18256,291,0.9
43287,291,0
4706,291,1.2
14450,291,0
11786,291,2
11223,291,2
11222,291,2
11787,291,4.2
11621,291,4.2
11620,291,3.2
5143,291,0
5140,291,0
5139,291,0
5142,291,0
5141,291,0
5145,291,0
5144,291,0
1225,291,0
9422,291,3.8
7021,291,0.3
11212,291,5.2
11211,291,4.8
19169,291,0
19205,291,0
19170,291,0
22954,291,2.4
22953,291,2.1
22955,291,2.4
1226,291,0
1144,291,0
1138,291,0
1139,291,0
1140,291,0
1141,291,0
1173,291,0
1135,291,0
1136,291,0
1258,291,0
1124,291,0
1172,291,0
1128,291,0
1129,291,0
1130,291,0
1131,291,0
1132,291,0
1133,291,0
1134,291,0
1123,291,0
1171,291,0
1255,291,0
1137,291,0
1125,291,0
1126,291,0
1160,291,0
1127,291,0
1057,291,0
14245,291,0
11783,291,2.5
11210,291,2.5
43146,291,2.5
11209,291,3
43285,291,0
9088,291,7
5624,291,0
5623,291,0
5625,291,0
5627,291,0
5626,291,0
5622,291,0
5621,291,0
5628,291,0
5629,291,0
5630,291,0
5631,291,0
5632,291,0
11213,291,3.1
14625,291,0
14628,291,0
14626,291,0
14627,291,0
14156,291,0
14154,291,0
14629,291,0
14630,291,0
14641,291,0
14640,291,0
18260,291,2.8
18261,291,3
18258,291,3.5
18437,291,2.7
18259,291,2.8
18438,291,2.7
18439,291,2.7
18262,291,2.6
18263,291,3
18264,291,4.6
18265,291,5
18266,291,6.7
18267,291,7.3
21046,291,0.4
21047,291,0.5
11984,291,3.8
28027,291,2.8
28028,291,3.3
28261,291,2.2
28262,291,1.3
21142,291,2.5
21299,291,2.3
21511,291,1.7
21300,291,2.2
21301,291,2.5
21304,291,2.2
21302,291,2.3
21303,291,2.2
21485,291,2.3
21484,291,2.3
21482,291,2.3
21483,291,2.5
21411,291,0.2
21410,291,0.2
21002,291,0.6
21003,291,0.5
21004,291,0.4
21005,291,0.2
21007,291,0.2
21008,291,0.7
21009,291,0.4
21063,291,3
21061,291,4.2
21064,291,3.7
21094,291,1
21396,291,1
21399,291,1.3
21400,291,1.4
21092,291,0.7
21395,291,0.9
21096,291,1.7
21398,291,1.2
21097,291,1.3
21098,291,1.4
21397,291,1.1
21090,291,1.9
21091,291,1.4
21089,291,2
21101,291,0.5
21401,291,1.2
21229,291,0.9
21127,291,1.9
21230,291,1.4
21462,291,1.2
21014,291,1.8
21018,291,0
21020,291,0.5
21021,291,0.4
21022,291,0.2
21105,291,1
21106,291,0.8
21024,291,1.4
21469,291,0.1
21464,291,0
21470,291,0.5
21465,291,0
21471,291,0.1
21466,291,0
21472,291,0.1
21467,291,0
21307,291,0.8
21305,291,0.6
21306,291,1
21490,291,0.9
21461,291,1.2
21202,291,1.1
21389,291,1.4
21110,291,0.9
21390,291,1.5
21393,291,1.4
21107,291,1.7
21108,291,1.8
21129,291,2.9
21388,291,2.2
21078,291,3.2
21080,291,3.7
21130,291,2.7
21138,291,3.8
21139,291,1.3
21026,291,2.7
21488,291,1.7
21059,291,0.7
21124,291,1.2
21125,291,0.7
21126,291,0.7
21032,291,0
21033,291,0
21034,291,0
21082,291,3.9
21486,291,2.9
21487,291,1.2
21028,291,0.1
1243,291,7.4
4001,291,0
4542,291,0
4574,291,0
4576,291,0
4520,291,0
4575,291,0
9334,291,6.4
11957,291,3.1
9092,291,2.2
9091,291,1.8
9090,291,2.2
9095,291,4.2
9094,291,9.8
9089,291,2.9
11985,291,10.6
6963,291,0
4589,291,0
4590,291,0
4591,291,0
4592,291,0
4593,291,0
4594,291,0
43129,291,6.1
15002,291,0
15001,291,0
15003,291,0
15187,291,0
15188,291,0
15004,291,0
15189,291,0
15005,291,0
15190,291,0
15006,291,0
15191,291,0
15007,291,0
15009,291,0
15008,291,0
15011,291,0.7
15235,291,0
15234,291,0
15233,291,0
15010,291,0
15012,291,0
15013,291,0
15014,291,0
15017,291,0
15016,291,0
15018,291,0
15015,291,0
15192,291,0
15019,291,0
15021,291,0.4
15020,291,0
15193,291,0
15022,291,0
15194,291,0
15023,291,0
15195,291,0
15024,291,0
15026,291,0
15025,291,0
15027,291,1.5
15029,291,0
15028,291,0
15030,291,0
15032,291,0
15031,291,0
15034,291,0
15033,291,0
15035,291,0
15037,291,0
15036,291,0
15196,291,0
15038,291,0
15040,291,0
15042,291,0
15041,291,0
15039,291,0
15197,291,0
15043,291,0
15198,291,0
15044,291,0
15199,291,0
15045,291,0
15047,291,0
15046,291,0
15048,291,0
15200,291,0
15049,291,0
15201,291,0
15050,291,0
83110,291,0
15052,291,0
15051,291,0
15202,291,0
15053,291,0
15203,291,0
15054,291,0
15056,291,0
15055,291,0
15058,291,0
15057,291,0
15061,291,0
15060,291,0
15063,291,0
15062,291,0
15204,291,0
15064,291,0
15067,291,0
15066,291,0
15205,291,0
15065,291,0
15069,291,0
15068,291,0
15206,291,0
15059,291,0
15071,291,0
15070,291,0
15207,291,0
15072,291,0
15232,291,0
15073,291,0
15208,291,0
15074,291,0
15075,291,0
15237,291,0
15236,291,0
15209,291,0
15076,291,0
15210,291,0
15078,291,0
15077,291,0
15179,291,0
15080,291,0
15180,291,0
15211,291,0
15079,291,0
15239,291,0
15238,291,0
15247,291,0
15082,291,0
15081,291,0
15260,291,0
15265,291,0
15084,291,0
15181,291,0
15212,291,0
15083,291,0
15087,291,0
15182,291,0
15086,291,0
15085,291,0
15088,291,0
15089,291,0.1
15213,291,0
15090,291,0
15092,291,0
15091,291,0
15214,291,0
15093,291,0
15215,291,0
15094,291,0
15096,291,0
15095,291,0
15098,291,0
15097,291,0
15100,291,0
15099,291,0
15102,291,0
15101,291,0
15216,291,0
15103,291,0
15105,291,0
15104,291,0
15106,291,0
15217,291,0
15107,291,0
15218,291,0
15108,291,0
15109,291,0
15111,291,0
15110,291,0
15262,291,0
15261,291,0
15113,291,0
15112,291,0
15219,291,0
15114,291,0
15241,291,0
15240,291,0
15116,291,0
15115,291,0
15128,291,0
15118,291,0
15117,291,0
15123,291,0
15127,291,0
15119,291,0
15183,291,0
15121,291,0
15184,291,0
15220,291,0
15124,291,0
15185,291,0
15126,291,0
15186,291,0
15221,291,0
15222,291,0
15129,291,0
15223,291,0
15130,291,0
15131,291,0
15133,291,0
15132,291,0
15224,291,0
15134,291,0
15225,291,0
15135,291,0
19187,291,0
43075,291,0
18973,291,1.8
25045,291,22.5
25021,291,4.3
25010,291,5.2
25018,291,4.6
25004,291,2.5
25006,291,10.5
25016,291,6.7
25008,291,11
25005,291,2.8
25015,291,12.5
25017,291,5.7
25020,291,5.1
25031,291,2
6329,291,0
7023,291,0
42188,291,0
7945,291,0
42179,291,0
7905,291,0
7022,291,0
7024,291,0.4
43507,291,0
7950,291,0
7963,291,0
7964,291,0
42280,291,0.1
7962,291,0
7949,291,0
43130,291,3.9
7939,291,0.1
7025,291,0
18268,291,1.1
16173,291,4.7
80200,291,0
19240,291,2.4
19241,291,1.9
19372,291,1.9
19226,291,0.9
19227,291,2.5
19228,291,0
19409,291,1.1
19375,291,0
19244,291,0.1
19371,291,0.1
19230,291,0
19246,291,0
19247,291,0
19872,291,1.7
19263,291,1
43506,291,0.6
42074,291,0.8
19217,291,0
19281,291,0
19280,291,0
19387,291,0.7
19283,291,0
43514,291,0
19873,291,0
43450,291,0.1
43346,291,0.1
19856,291,0
19886,291,4.3
19874,291,6
19887,291,4.3
19890,291,3.9
19891,291,3.6
19871,291,1.6
19892,291,7.5
42186,291,2.3
42185,291,2
19393,291,2.2
42187,291,0
19293,291,0
19294,291,1.5
9101,291,1.1
9098,291,1.1
9100,291,1
9097,291,1
9099,291,1
9096,291,1
9351,291,1.7
14646,291,0
14645,291,0
14647,291,0
14648,291,0.1
14651,291,0.1
14268,291,0.4
14269,291,0.1
14267,291,0.2
14264,291,0
14405,291,0.2
14406,291,0
14541,291,0
9106,291,1
9105,291,1
9103,291,1
9104,291,1
9102,291,1
9325,291,1.3
42055,291,0.1
43345,291,2.2
11988,291,70.1
17330,291,0
17332,291,0
17145,291,0
17144,291,0
17147,291,0
17146,291,0
17151,291,0
17150,291,0
17153,291,0
17152,291,0
17333,291,0
17334,291,0
17331,291,0
17335,291,0
17157,291,0
17156,291,0
17336,291,0
17337,291,0
17159,291,0
17158,291,0
17161,291,0
17160,291,0
17163,291,0
17162,291,0
17165,291,0
17344,291,0
17343,291,0
17345,291,0
17164,291,0
17346,291,0
17347,291,0
17348,291,0
17167,291,0
17339,291,0
17338,291,0
17340,291,0
17166,291,0
17341,291,0
17342,291,0
17169,291,0
17171,291,0
17170,291,0
17173,291,0
17172,291,0
17175,291,0
17174,291,0
17176,291,0
17178,291,0
17179,291,0
17177,291,0
17181,291,0
17180,291,0
17182,291,0
17184,291,0
17183,291,0
16570,291,6.1
16581,291,3.7
16579,291,5
16584,291,7.1
16585,291,5.2
16586,291,7.1
18963,291,2.5
11215,291,2.1
19172,291,0
19173,291,0
19175,291,0.1
19703,291,0
19704,291,0
19176,291,0
19702,291,0
19177,291,0
18603,291,5.4
11216,291,2
28029,291,1.3
28030,291,1.5
28031,291,3.7
28032,291,4.4
28033,291,3.5
28034,291,1.8
28035,291,2.3
28036,291,1.6
17168,291,0
5147,291,0
5146,291,0
5149,291,0
5148,291,0
5150,291,0
9109,291,2.4
9107,291,4.3
11785,291,2.9
11221,291,2.9
11220,291,1.1
11784,291,1.2
11219,291,1.2
11218,291,0.5
42139,291,3.8
14277,291,0
14282,291,0.1
9130,291,0.2
9135,291,0.2
9512,291,0.2
11975,291,9.9
11974,291,11
9124,291,0.1
9123,291,0.1
9126,291,0.1
9125,291,0.4
9128,291,0.1
9111,291,1.1
9112,291,1.6
9114,291,1.1
9116,291,1.1
9120,291,0.4
9121,291,0.4
9119,291,0.4
9131,291,0.9
9134,291,0.6
9133,291,0.6
9129,291,3.9
9132,291,0.9
6114,291,0
6116,291,0.4
6957,291,3.2
6118,291,2
6119,291,0.4
6985,291,0.7
6958,291,4.3
6959,291,3.8
6977,291,0.3
6121,291,0.4
6122,291,4.8
6123,291,6
6124,291,2.4
6125,291,0.4
5669,291,0
5670,291,0
5668,291,0
5666,291,0
5667,291,0
5665,291,0
5306,291,0
5663,291,0
5664,291,0
5662,291,0
5305,291,0
9434,291,0.1
9435,291,1
9143,291,3.6
9139,291,5.4
9140,291,5.4
5151,291,0
5152,291,0
42281,291,77.3
7032,291,0
7033,291,0
7031,291,0
7026,291,0
7027,291,0
7938,291,0
7030,291,0
7028,291,0
7029,291,1.3
35233,291,9.8
7034,291,0
31007,291,0.8
6029,291,0.8
6987,291,0.8
6990,291,2.4
6991,291,0.8
6992,291,2.4
11961,291,2.4
18640,291,2.1
20030,291,2.5
20330,291,2.5
19296,291,0.2
7088,291,0
7278,291,0
7277,291,0
7276,291,0
7279,291,0
2055,291,3.3
22537,291,1.5
22535,291,1.1
22961,291,2.2
16281,291,0.9
16279,291,0.8
16158,291,6
16137,291,4
18270,291,2.8
16067,291,25.6
11224,291,3.3
1264,291,1.1
1240,291,1
18271,291,3
18272,291,1.7
1239,291,1.2
1238,291,0
1241,291,0
1242,291,7.1
1237,291,0.8
1263,291,0
1236,291,0.7
19894,291,5.8
19877,291,5.4
19893,291,1
19876,291,0.2
19879,291,0.6
19875,291,0.2
19878,291,0.4
19880,291,0.9
19895,291,1
19881,291,0.5
19882,291,0.5
19884,291,0.7
19883,291,0.8
19270,291,1.2
19114,291,0.8
19265,291,0.9
43541,291,0.9
19090,291,0.7
19899,291,4.8
19898,291,4.8
19271,291,0.9
19095,291,0.7
19867,291,1
19088,291,0.3
19260,291,0
19096,291,0
19089,291,0
42117,291,0
8580,291,9.9
3957,291,0
3944,291,0
3951,291,0
3950,291,0
3949,291,0
3935,291,0
3846,291,0
3992,291,0.7
3999,291,0
3993,291,0
33871,291,0
3991,291,0
3952,291,0
3954,291,0
3953,291,0
3842,291,0
3843,291,0
3841,291,0
3856,291,0
3858,291,0
3855,291,0
3839,291,0
3945,291,0
3837,291,0
3946,291,0
3947,291,0
3948,291,0
3840,291,0
3851,291,0
3853,291,0
3850,291,0
33868,291,0
3989,291,0
33872,291,0
3987,291,0
33869,291,0
3990,291,0
33867,291,0
3988,291,0
3963,291,0
3815,291,0
3943,291,0
3942,291,0
3955,291,0
3849,291,0
33866,291,0
3981,291,0
3982,291,0
33870,291,0
3980,291,0
3827,291,0
3830,291,0
3868,291,0
3869,291,0
3818,291,0
3817,291,0
3825,291,0
3832,291,0
3812,291,0
3808,291,0
3809,291,0
3806,291,0
3983,291,0
3838,291,0
33873,291,0
3844,291,0
3845,291,0
3816,291,0
3814,291,0
3813,291,0
3984,291,0
33874,291,0
3985,291,0
33875,291,0
33864,291,0
33863,291,0
33865,291,0
33877,291,0
33876,291,0
33862,291,0
3986,291,0
3852,291,0
3854,291,0
3826,291,0
3805,291,0
3803,291,0
3929,291,0
3861,291,0
3864,291,0
3821,291,0
3822,291,0
3857,291,0
3824,291,0
3823,291,0
3930,291,0
3901,291,0
3913,291,0
3900,291,0
3926,291,0
3928,291,0
3925,291,0
3867,291,0
3966,291,0
3859,291,0
3961,291,0
3960,291,0
3801,291,0
3802,291,0
3800,291,0
3937,291,0
3938,291,0
3936,291,0
3940,291,0
3941,291,0
3939,291,0
18641,291,2.6
9420,291,0.9
9144,291,1.5
28037,291,1.4
28038,291,1.1
19297,291,1.1
19719,291,0.3
43028,291,2.5
19300,291,1
44110,291,0.8
43497,291,0
11226,291,1.6
9514,291,0
9515,291,1
9516,291,1
9511,291,2.9
9508,291,0
9507,291,0
9513,291,0.6
9443,291,0.2
9444,291,0.2
11789,291,2
11232,291,2
11790,291,2
11234,291,2
11791,291,2
11236,291,2
11235,291,2
11233,291,3.6
11623,291,1.2
11622,291,1.7
11237,291,9.8
22979,291,6
22986,291,3
32023,291,2.6
22987,291,2.4
21504,291,5.3
21513,291,5.9
21501,291,3.8
21503,291,4.1
21500,291,3.9
21499,291,3.7
21514,291,6
22993,291,3.1
22994,291,3
22996,291,2.7
32022,291,2.1
18978,291,9
22980,291,2.2
22981,291,2.3
22983,291,1.8
22984,291,2.6
18979,291,12.2
18982,291,12.2
22985,291,3
18980,291,9.3
22988,291,12.3
22989,291,2.3
22992,291,2.1
22982,291,2
22990,291,1.6
22991,291,2.9
22995,291,2.5
18976,291,2.5
18981,291,8.7
28039,291,13.7
18974,291,5.8
28040,291,12.2
28041,291,12.8
18975,291,9
28017,291,14.7
28020,291,15.3
18977,291,9.6
22997,291,2.9
28113,291,3.1
28116,291,2.4
28114,291,3.2
28115,291,3.9
28117,291,2.8
28118,291,2.3
28119,291,1.9
28120,291,2.9
28122,291,1.4
28121,291,13.2
28123,291,2.3
28106,291,1.6
28043,291,1.4
28046,291,1.4
28044,291,0.9
28045,291,1.6
28047,291,2.4
28048,291,3.6
28049,291,1.3
28265,291,3.2
28051,291,1.8
28052,291,3.1
28053,291,1.7
28054,291,3.7
28055,291,2.6
28056,291,2.4
28057,291,4.4
28058,291,2.9
28059,291,2.3
28060,291,2.4
28061,291,1.7
28062,291,2.5
28101,291,4.8
28050,291,1.3
28070,291,3.1
28071,291,2.4
28063,291,1.8
28064,291,2.1
28066,291,3.7
28065,291,2.2
28067,291,3.5
28068,291,1.9
28069,291,2
28072,291,3.6
28073,291,2.6
28074,291,3.4
28075,291,4.1
28081,291,1.6
28076,291,4.1
28077,291,3.2
28079,291,3.3
28080,291,2.2
28085,291,3.2
28086,291,1.3
28100,291,2.7
28087,291,3.1
28088,291,1.9
28089,291,1.8
28091,291,7.1
28092,291,1.9
28084,291,2.2
28093,291,2.4
28099,291,1.8
28095,291,3.2
28094,291,1.7
28096,291,1.9
28098,291,2.7
28097,291,1.4
28078,291,3.2
28082,291,3.3
28083,291,3
28107,291,2.1
28263,291,3.3
28102,291,2.5
28103,291,1.8
28104,291,11
28105,291,10.4
28108,291,1.5
28109,291,4.1
28264,291,4.5
28111,291,1.8
28266,291,2.5
28112,291,1.3
28124,291,1.5
28125,291,2.4
28126,291,2.6
28127,291,1.9
28128,291,1.6
28129,291,2.1
28267,291,1.4
28130,291,1.7
28268,291,2.1
28131,291,1.3
28110,291,3.2
28132,291,2.3
28133,291,1.8
28135,291,2.2
28134,291,2.9
28136,291,2.8
28137,291,4
28138,291,3.4
28149,291,3.6
28139,291,2.1
28140,291,2.2
28141,291,2.1
28144,291,2.3
28142,291,1.7
28143,291,2.2
28145,291,2.8
28146,291,3.4
28147,291,2.6
28148,291,2.8
28150,291,1
28151,291,2.7
18609,291,1.4
28152,291,1.3
28153,291,1.5
28154,291,1.5
28155,291,1.8
28156,291,1.8
28157,291,3.3
28158,291,3.9
28159,291,3.8
28255,291,3.3
28284,291,3.2
28283,291,2.5
18956,291,1.2
8708,291,10.8
18501,291,1.9
18499,291,1
18507,291,3.5
28160,291,16.3
28161,291,16.4
18992,291,14.2
28005,291,1
28006,291,1.1
28162,291,1.2
28259,291,1
28016,291,1.2
28022,291,1.5
18995,291,2.1
18996,291,2.3
28012,291,13.2
28013,291,12.9
18997,291,1
18998,291,0.9
18999,291,1
28000,291,1.2
28001,291,3
28002,291,2.7
28018,291,3.9
28019,291,3.8
18506,291,4
28021,291,3.9
28003,291,1
28004,291,1.3
28025,291,1.1
28026,291,1.1
28007,291,1.3
28008,291,1.2
28009,291,1.1
28010,291,1.2
28260,291,1.5
28011,291,1.4
28014,291,1.2
28015,291,1.2
18505,291,1.3
28024,291,1.1
28183,291,1.7
28184,291,2.2
28185,291,1.5
28165,291,1.5
28163,291,1.5
28164,291,1.1
28167,291,1.4
28168,291,1.3
28169,291,2.6
28170,291,1.1
28171,291,1.5
28172,291,1.3
28173,291,1.3
28174,291,1.2
28175,291,1.3
28176,291,1.3
28177,291,1.3
28192,291,1.4
28178,291,3.3
28179,291,3.5
28180,291,1.1
28181,291,2.7
28182,291,2.7
28193,291,2.7
28023,291,1.3
28186,291,9.2
28187,291,10.8
28188,291,9.8
28189,291,9.3
28190,291,8.6
28191,291,9.8
21419,291,2
21420,291,2
21421,291,1.4
21436,291,0
21437,291,0
21422,291,1
7968,291,0
7969,291,0
7970,291,0
7037,291,0
7934,291,0
9445,291,2
9148,291,3
7038,291,0
11793,291,1.1
11242,291,1.1
11241,291,3.6
1194,291,0
1193,291,0.1
1189,291,0.2
1188,291,0.3
1190,291,0.2
1192,291,0
1191,291,0
18567,291,2.5
9149,291,6.5
17006,291,0
17005,291,0
17002,291,0
17001,291,0
17227,291,0
17226,291,0
17004,291,0
17003,291,0
17060,291,0
17061,291,0
17059,291,0
17008,291,0
17007,291,0
17228,291,0
17229,291,0
17010,291,0
17009,291,0
17016,291,0
17015,291,0
17233,291,0
17232,291,0
17018,291,0
17017,291,0
17020,291,0
17019,291,0
17235,291,0
17234,291,0
17022,291,0
17021,291,0
17012,291,0
17011,291,0
17231,291,0
17230,291,0
17014,291,0
17013,291,0
17024,291,0
17025,291,0
17023,291,0
17237,291,0
17238,291,0
17236,291,0
17027,291,0
17028,291,0
17026,291,0
17030,291,0
17031,291,0
17029,291,0
17240,291,0
17241,291,0
17239,291,0
17033,291,0
17034,291,0
17032,291,0
17044,291,0
17045,291,0
17046,291,0
17043,291,0
17247,291,0
17246,291,0
17249,291,0
17248,291,0
17048,291,0
17049,291,0
17050,291,0
17047,291,0
17052,291,0
17053,291,0
17054,291,0
17051,291,0
17251,291,0
17252,291,0
17253,291,0
17250,291,0
17056,291,0
17057,291,0
17058,291,0
17055,291,0
17036,291,0
17037,291,0
17038,291,0
17035,291,0
17243,291,0
17244,291,0
17245,291,0
17242,291,0
17040,291,0
17041,291,0
17042,291,0
17039,291,0
17225,291,0
17224,291,0
17357,291,0
17358,291,0
17359,291,0
17360,291,0
17361,291,0
17363,291,0
17401,291,0
17402,291,0
17365,291,0
17366,291,0
17069,291,0
17068,291,0
17071,291,0
17070,291,0
17067,291,0
17066,291,0
17063,291,0
17062,291,0
17255,291,0
17254,291,0
17065,291,0
17064,291,0
17257,291,0
17256,291,0
17073,291,0
17259,291,0
17258,291,0
17075,291,0
17077,291,0
17261,291,0
17260,291,0
17079,291,0
17263,291,0
17262,291,0
17085,291,0
17265,291,0
17264,291,0
17087,291,0
17370,291,0
17371,291,0
17372,291,0
17373,291,0
17403,291,0
17404,291,0
17390,291,0
17391,291,0
17364,291,0
17367,291,0
17405,291,0
17072,291,0
17400,291,0
17074,291,0
17368,291,0
17369,291,0
17406,291,0
17076,291,0
17398,291,0
17078,291,0
17407,291,0
17408,291,0
17386,291,0
17387,291,0
17409,291,0
17410,291,0
17388,291,0
17389,291,0
17411,291,0
17412,291,0
17393,291,0
17392,291,0
17413,291,0
17414,291,0
17394,291,0
17395,291,0
17419,291,0
17420,291,0
17396,291,0
17397,291,0
17081,291,0
17080,291,0
17083,291,0
17082,291,0
17415,291,0
17416,291,0
17382,291,0
17383,291,0
17417,291,0
17084,291,0
17399,291,0
17086,291,0
17374,291,0
17375,291,0
17418,291,0
17423,291,0
17384,291,0
17385,291,0
17376,291,0
17377,291,0
17378,291,0
17379,291,0
17421,291,0
17380,291,0
17381,291,0
17186,291,0
17187,291,0
17185,291,0
17192,291,0
17191,291,0
17196,291,0
17195,291,0
17200,291,0
17201,291,0
17199,291,0
17206,291,0
17205,291,0
17209,291,0
17211,291,0
17210,291,0
17215,291,0
17214,291,0
17221,291,0
17220,291,0
11794,291,2.1
11245,291,2.1
35196,291,6.3
35197,291,5.2
4002,291,0
22916,291,1.4
22915,291,1.3
22977,291,1.7
22910,291,1.7
32019,291,1.7
22956,291,1.9
22962,291,1.7
22963,291,2
18369,291,0.2
18370,291,0.2
18371,291,2.2
18372,291,0
18373,291,0.2
18375,291,26.9
18374,291,8.1
7039,291,0
11795,291,1
11247,291,1
11246,291,1.8
11624,291,10.4
9153,291,0.4
9154,291,0.4
9152,291,0.3
9156,291,10.6
14296,291,0
14297,291,0
14542,291,0.3
14543,291,0.1
14292,291,0.3
14293,291,0
14287,291,0.4
14288,291,0
9150,291,2.8
16370,291,7.9
16070,291,7.9
16144,291,10.8
16069,291,10.7
11250,291,1.1
11251,291,2.1
11253,291,1.3
11252,291,1.2
11257,291,0.9
21413,291,0.1
21412,291,0.2
11715,291,3.6
11714,291,5.3
11032,291,5.3
11716,291,6
11040,291,6
11039,291,6
11717,291,5.8
11038,291,5.8
11037,291,5.5
11031,291,4.9
16073,291,4.8
16372,291,7
16072,291,7
16071,291,19
16375,291,7.7
16075,291,7.7
16074,291,20.6
9161,291,0.4
9160,291,0.4
14303,291,0
9159,291,2.8
9165,291,4.6
9164,291,1.3
21290,291,1.3
21292,291,1.6
21287,291,1.7
21289,291,2.1
21288,291,1.7
21291,291,1.5
7040,291,0
7041,291,0
7911,291,2.5
9167,291,5.3
22126,291,3.5
16509,291,3
16500,291,4.2
16502,291,4.1
16507,291,4.3
16505,291,3.2
16508,291,4.3
16504,291,3.5
16506,291,2.6
9172,291,1.1
9174,291,1.7
11796,291,3.1
11255,291,3.1
11254,291,4.9
7251,291,0
7250,291,0
7249,291,0
7252,291,0
7253,291,0
7258,291,0
7255,291,0
7259,291,0
7260,291,0
7261,291,0
7262,291,0
7256,291,0
7257,291,0
7264,291,0
7265,291,0.5
7266,291,0
7267,291,0
7268,291,0
7042,291,0
7909,291,0
7908,291,0
7045,291,0
7906,291,0
7090,291,0
43131,291,0
16377,291,2.8
16077,291,2.8
16076,291,18.9
7060,291,0
22959,291,3.2
7940,291,0
32005,291,1.2
32004,291,1.8
22247,291,0.5
22919,291,0.4
22960,291,1.2
22970,291,1.1
32014,291,2
32016,291,1.6
20100,291,1.8
20400,291,1.8
20099,291,3.2
20499,291,3.2
20302,291,1.5
20101,291,2.4
20301,291,2.4
20106,291,4.3
20105,291,4.3
20108,291,2.8
20107,291,8.3
11986,291,2.1
14305,291,0
14317,291,4.8
14318,291,0.5
14316,291,0.4
14311,291,0.1
14312,291,0.1
14310,291,0
9175,291,3
9436,291,0.3
9176,291,1.6
9177,291,1.8
9328,291,3.2
4630,291,0
4655,291,0
4626,291,0
4627,291,0
4677,291,0
4673,291,0
4676,291,0
4675,291,0
4695,291,0
42307,291,0
4585,291,0
4633,291,0
4634,291,0
4612,291,0
4693,291,0
4614,291,0
4620,291,0
4697,291,0
4613,291,0
4694,291,0
4690,291,0
4624,291,0
4631,291,0
42256,291,0
4128,291,0
42309,291,0
4600,291,0
4628,291,0
4665,291,0
4668,291,0
4610,291,0
4691,291,0
4617,291,0
4696,291,0
4611,291,0
4692,291,0
4618,291,0
4073,291,0
19303,291,0.7
18615,291,1.5
18614,291,2.9
43598,291,0
43355,291,0
42178,291,1.1
4708,291,0
42138,291,0
21377,291,1
21360,291,0.9
21376,291,1
21378,291,1.5
21327,291,0.8
21324,291,2
21310,291,1.3
21341,291,1.1
21237,291,1.6
21350,291,1.7
21233,291,1.1
21311,291,0
21363,291,1
21344,291,0.8
21345,291,1
21357,291,1.1
21232,291,1.4
21382,291,1
21238,291,3.9
21380,291,1
21381,291,0.9
21228,291,1.3
21319,291,2.8
21335,291,0
21336,291,0.4
21313,291,5
21321,291,1.4
21365,291,0.9
21364,291,1.6
21355,291,1.3
21356,291,1.4
21338,291,0.2
21339,291,0.1
21346,291,0.3
21347,291,0.1
21348,291,0.4
21349,291,0.3
21403,291,1.4
21405,291,1.2
21407,291,1.4
21402,291,1.4
21404,291,1.2
21406,291,1.4
21234,291,1.6
21235,291,1.4
21361,291,1.2
21362,291,0.8
21340,291,1.1
21328,291,1
21358,291,1.4
21359,291,0.9
21329,291,0.6
21379,291,1.6
21314,291,1.5
21334,291,0
21315,291,0
21316,291,2.7
21333,291,0.1
4606,291,0
16106,291,17.5
7972,291,2.3
43132,291,4.6
9185,291,0.7
9181,291,0.9
9183,291,0.9
9184,291,0.8
8510,291,0.4
1244,291,6.6
42131,291,0
1110,291,0.3
1111,291,0
1076,291,0
1094,291,0
1088,291,0
42189,291,0
1230,291,0
1095,291,0
1097,291,0
1153,291,0
1096,291,0
1214,291,0
1105,291,1
1104,291,0.5
1202,291,0.7
1103,291,0.7
1102,291,0.8
1093,291,0
1092,291,0
1155,291,0
1154,291,0
1091,291,0
1090,291,0
1212,291,0
1059,291,0
1060,291,0
1175,291,0
42290,291,0
1106,291,0
1107,291,0
43543,291,0
1108,291,0
1089,291,0
1084,291,0
1083,291,0
1082,291,0
1087,291,0
1086,291,0
1085,291,0
1151,291,0
1078,291,0
1081,291,0
1080,291,0
1152,291,0
1079,291,0
1174,291,0
1109,291,0
1077,291,0
1211,291,0
20647,291,3.5
20032,291,1.3
43483,291,2.7
20031,291,8.5
16112,291,5.4
14119,291,0
19304,291,0
15156,291,0
15155,291,0
15160,291,0
15162,291,0
15159,291,0
15157,291,0
15250,291,0
15229,291,0
15163,291,0
15165,291,0
15164,291,0
15230,291,0
15166,291,0
15170,291,0
15246,291,0
15245,291,0
15244,291,0
15169,291,0
15167,291,0
15231,291,0
15171,291,0
90240,291,0
15174,291,0
15172,291,0
90560,291,0
15176,291,0
15175,291,0
15178,291,0
15177,291,0
16163,291,0.1
16162,291,0.1
16165,291,0
16164,291,0
16161,291,0.1
16551,291,3
16598,291,1.4
16590,291,4.3
16542,291,5.1
16603,291,1.5
16538,291,7.6
16609,291,4.3
16546,291,4
16587,291,2
22122,291,4.1
16607,291,5.1
16555,291,4.8
16592,291,7.6
16608,291,3
16557,291,3
16588,291,5.7
16556,291,4.9
16561,291,2.6
16560,291,3.8
16605,291,2.1
16597,291,3.9
22118,291,4.5
22120,291,4.7
16601,291,5.7
16548,291,4.4
16549,291,2.6
16596,291,2.5
22121,291,5.2
16558,291,3.4
16594,291,2.3
16602,291,3.6
16606,291,10.1
16552,291,5.1
16611,291,3.1
21515,291,5.2
16610,291,10.1
16565,291,4.6
16600,291,1.3
22123,291,6
16554,291,3.7
22119,291,2.3
16589,291,2
16595,291,1.3
7050,291,0
7061,291,0
28194,291,0.8
28195,291,1.7
28196,291,0.8
28197,291,3
28198,291,3.3
28199,291,1.3
28200,291,0.8
28201,291,0.8
28202,291,1
28203,291,2.7
28204,291,0.8
28205,291,4.1
28206,291,2.2
28207,291,2.7
28269,291,3
28208,291,2.7
28209,291,2.3
28270,291,1.3
11258,291,2.5
18940,291,4.2
18274,291,1.1
18275,291,1.4
18277,291,1.8
18386,291,1.9
18279,291,3.4
18280,291,2.4
18281,291,1.6
18283,291,4.6
18273,291,2.7
18388,291,8.2
9190,291,1.7
16381,291,7.6
16081,291,7.6
16080,291,16.3
11718,291,0.8
11044,291,0.8
11045,291,1.9
11043,291,1.8
16384,291,6.4
16084,291,6.4
16083,291,18.3
28272,291,2.2
28211,291,2
28271,291,1.9
28212,291,2
28213,291,1.8
28274,291,2.7
28215,291,1.1
28214,291,1.2
28275,291,1.3
28216,291,1.7
28217,291,2.5
28218,291,3
28219,291,4.1
28276,291,4.5
28220,291,19.6
28221,291,5.1
28277,291,4.8
28279,291,4.5
28222,291,3.8
28223,291,4.6
28224,291,13.3
28227,291,3.3
28278,291,8.5
28225,291,5.7
28226,291,4.6
28230,291,14.9
28229,291,5.7
28228,291,3.4
28210,291,17.2
28231,291,5.6
28273,291,1.3
28232,291,1
28233,291,1.4
11266,291,0.6
11264,291,2.4
11239,291,3.8
11950,291,2.7
11993,291,2.7
11240,291,2.8
11987,291,2.3
11939,291,2.2
11998,291,1.3
11243,291,2.2
11265,291,1.3
11798,291,2.1
11269,291,2.1
11268,291,11.5
11238,291,2.5
11267,291,3.6
11989,291,2.5
11797,291,2.2
11261,291,2.2
11260,291,1
11263,291,1.8
11799,291,2
11271,291,2
11800,291,2.8
11273,291,2.8
11272,291,3.3
11270,291,3.2
11801,291,2
11275,291,2
11274,291,2.8
2046,291,4
18617,291,3.4
18619,291,3.2
18621,291,2.3
18651,291,1.6
9448,291,7
9449,291,7.5
9450,291,1.1
16113,291,5.4
9191,291,1.7
7091,291,0
11802,291,1.4
11277,291,1.4
11276,291,1.5
16082,291,0.5
20113,291,3.7
20110,291,1.2
20310,291,1.2
20510,291,1.2
20410,291,1.2
20109,291,3.3
20409,291,3.3
20112,291,2.3
20111,291,6.8
20118,291,1.9
20116,291,4.3
11964,291,2
11963,291,2.2
1250,291,2.2
12695,291,10.3
12195,291,10.3
12071,291,4.8
12061,291,12.5
12062,291,9.9
12563,291,10.9
12063,291,10.9
12206,291,13.7
12665,291,10.5
12565,291,10.5
12567,291,10.7
12065,291,10.5
12078,291,7.5
12084,291,4.7
12588,291,3
12088,291,2
12585,291,3
12085,291,3
12586,291,3.3
12086,291,3.3
12087,291,3.3
12099,291,11.7
12097,291,8.1
12167,291,5.1
12116,291,0.2
12115,291,2.2
12108,291,16.3
12110,291,4.5
12109,291,9.9
12179,291,4.5
12104,291,9
12117,291,2.2
12119,291,1.1
12200,291,5.2
12140,291,5.2
12129,291,9.3
12120,291,9.7
12121,291,11
12122,291,9.4
12130,291,6.4
12632,291,8
12132,291,8
12131,291,8.6
12635,291,9
12135,291,9
12737,291,7
12637,291,7
12137,291,7
12738,291,7.1
12638,291,5.5
12138,291,5.5
12142,291,9.6
12643,291,9.4
12143,291,9.4
12644,291,9.5
12144,291,9.5
12147,291,3.7
12149,291,10.7
12652,291,9.9
12152,291,9.9
12151,291,10.3
12154,291,6.8
12155,291,6.7
12156,291,3.6
20034,291,2.6
20033,291,15.4
20132,291,6.5
20038,291,10.6
4529,291,0
4530,291,0
4581,291,0
4534,291,0
4582,291,0
4501,291,0
4047,291,0
42289,291,0
4518,291,0
44005,291,0
4502,291,0
4541,291,0
42231,291,0
4517,291,0
4532,291,0
4645,291,0
4644,291,0
4643,291,0
4698,291,0
4661,291,0
4659,291,0
4646,291,0
4702,291,0
4642,291,0
4662,291,0
4660,291,0
4658,291,0
4657,291,0
4663,291,0
4656,291,0
4652,291,0
4653,291,0
4664,291,0
4654,291,0
4651,291,0
4648,291,0
4701,291,0
4699,291,0
4650,291,0
4700,291,0
4583,291,0
4572,291,0
4588,291,0
4053,291,0
4055,291,0
4679,291,0
4042,291,0
4514,291,0
4037,291,0
4511,291,0
4510,291,0
4058,291,0
4536,291,0
4531,291,0
4044,291,0
4034,291,0
4543,291,0
4584,291,0
4060,291,0
4506,291,0
4545,291,0
4516,291,0
4515,291,0
4573,291,0
4678,291,0
4528,291,0
4038,291,0
11803,291,2.5
11279,291,2.5
11804,291,2.1
11281,291,2.1
11280,291,2.2
11278,291,3.2
36054,291,1.1
36058,291,0.9
36042,291,1.6
36631,291,1.7
36047,291,1.7
7051,291,0
9195,291,3.3
9194,291,2.5
9193,291,3.2
36049,291,1.8
36051,291,2.2
36044,291,1.1
36045,291,8.2
36060,291,1.8
11296,291,2.2
11295,291,1.8
11285,291,1.2
11805,291,1.4
11283,291,1.4
11284,291,9.2
11806,291,1.7
11288,291,1.8
11287,291,1.8
11807,291,1.4
11290,291,1.4
11289,291,1.7
11282,291,1.7
11291,291,2.6
11294,291,0.9
11286,291,1.7
11292,291,1.8
14327,291,0.1
14436,291,0.1
14426,291,0.1
14427,291,0
14323,291,0
42270,291,0.2
9207,291,0.3
9209,291,0.3
9211,291,0.3
9210,291,0.3
9506,291,0.3
9215,291,0.2
9214,291,1
9213,291,1
9206,291,0.2
9216,291,10.6
9452,291,0.2
14407,291,0.4
14408,291,0.1
14424,291,0.2
14425,291,0
9217,291,0.1
9200,291,2.4
9201,291,2.5
9203,291,2.4
9202,291,2.2
9205,291,4.5
7202,291,0
7201,291,0
7200,291,0
7203,291,0
7205,291,0
7208,291,0.1
7207,291,0.2
7209,291,0
7210,291,0
7217,291,0
7212,291,0
7213,291,0
7214,291,0
7215,291,0
7216,291,0
7211,291,0
7218,291,0
7221,291,0
7222,291,0
7223,291,0
7224,291,0
7225,291,0
7228,291,0
7229,291,0
7230,291,0
7226,291,0
7227,291,0
7231,291,0.3
7232,291,0
7233,291,0
7234,291,0
7235,291,0
7236,291,0
7237,291,0
7238,291,0
7239,291,0
7242,291,0
7243,291,0
7244,291,0
7241,291,0
7245,291,0
7246,291,0
7247,291,0
7240,291,0
7248,291,0
7206,291,0
5643,291,0
5642,291,0
5641,291,0
5645,291,0
5644,291,0
5647,291,0
5646,291,0
5648,291,0
5650,291,0
5649,291,0
5652,291,0
5651,291,0
5653,291,0
5654,291,0
5656,291,0
5655,291,0
5658,291,0
5657,291,0
7935,291,0
6235,291,2.3
6597,291,3.1
6598,291,3.1
31015,291,3.3
2073,291,18.8
6599,291,1.7
31014,291,3.3
6601,291,3.1
6602,291,3.1
6603,291,3.1
6604,291,0
16203,291,3.3
27028,291,0
16204,291,4.2
27029,291,0
6605,291,3.1
16202,291,4.2
27030,291,3.1
18958,291,1.2
18288,291,1
18295,291,8.5
18289,291,2.9
18290,291,1.3
18291,291,5.4
18292,291,1.9
18936,291,2.5
28305,291,1
18300,291,2.8
21283,291,1.9
21286,291,2.3
21284,291,1.2
21285,291,2.5
9229,291,0.6
9228,291,1.5
9226,291,1.7
1185,291,0
11625,291,32.7
11297,291,3.3
11808,291,4
11299,291,3.6
11298,291,4.9
9232,291,0.2
9233,291,0.2
9231,291,10.4
32009,291,2
32008,291,2.7
32017,291,2.6
32010,291,2.8
22522,291,1.6
22914,291,0.9
20092,291,4.8
20091,291,11
7925,291,0
7052,291,0.1
18959,291,2.2
5282,291,0
7053,291,0
7054,291,0
7055,291,0
9407,291,0.6
9251,291,0.6
9242,291,1
9239,291,1
9241,291,1.3
9370,291,1.2
9238,291,1.3
9240,291,1.3
9237,291,1.3
9248,291,2.4
9247,291,2.7
9246,291,8.2
9250,291,1.8
9236,291,1.5
9243,291,1.3
16399,291,6.1
16097,291,8
16397,291,8
16156,291,5.7
42291,291,6.6
16098,291,5
16398,291,5
16150,291,5.2
16155,291,5.6
16099,291,15.8
16100,291,15.8
16149,291,7.8
16088,291,8.8
16090,291,8.4
16390,291,8.4
16089,291,9.4
16389,291,9.4
16087,291,8.5
16092,291,8.9
16392,291,8.9
16091,291,9.5
16094,291,8.9
16394,291,8.9
16093,291,8.7
16096,291,8.9
16396,291,8.9
16095,291,8.5
9408,291,0.6
9262,291,0.6
9340,291,3.6
9258,291,1.6
9255,291,1.6
9257,291,1.6
9374,291,2.7
9254,291,1.6
9256,291,1.6
9253,291,1.6
9261,291,5.8
9260,291,6.4
9259,291,7.5
9252,291,3.1
9412,291,3.1
9414,291,3.1
9415,291,3.1
9413,291,3
11816,291,3.3
11318,291,2
11817,291,3.1
11323,291,3.1
11322,291,3.4
11324,291,2.3
11818,291,2.2
11327,291,2.2
11326,291,3.5
11301,291,2.8
11809,291,2.8
11810,291,3.1
11303,291,3.1
11302,291,3.1
11300,291,2.6
11308,291,4.9
11813,291,4.1
11812,291,3.3
11306,291,3.3
11310,291,2
11811,291,5.5
11305,291,5.5
11814,291,5.5
11313,291,5.5
11312,291,4.5
11304,291,5.1
16085,291,25.5
16386,291,8.3
16086,291,8.3
19310,291,8.6
11976,291,3.4
7056,291,0
2064,291,8
7057,291,0
11978,291,21.6
11980,291,1.7
11962,291,28.7
11329,291,1.3
11670,291,1.5
11820,291,1.3
11819,291,1.5
11981,291,1
11632,291,2.6
11979,291,2.8
11982,291,26.8
11977,291,3.7
11335,291,1.2
11822,291,1.2
11334,291,1.2
11634,291,21.3
11825,291,0.9
11337,291,1.6
11333,291,1.7
11339,291,1.8
11916,291,1.2
11824,291,1.2
11823,291,1.2
11931,291,21.3
11919,291,0.8
11918,291,0.8
11917,291,1.6
11821,291,2.1
11921,291,1.8
11951,291,0.9
9264,291,14.5
9263,291,3.6
5155,291,0
43283,291,0
5156,291,0
5153,291,0
5154,291,0
18338,291,1.9
7058,291,1.5
11958,291,3.2
11944,291,1.5
11945,291,1.1
11983,291,1.5
11937,291,1
11947,291,1
11941,291,1.2
11946,291,1.2
11940,291,1
11948,291,1.1
7062,291,0
18943,291,2.7
18942,291,1.9
18399,291,1.5
18401,291,0.1
18947,291,2.3
18945,291,1.4
18946,291,1.4
18948,291,1.8
18333,291,1.8
18334,291,2.5
18335,291,3.3
18446,291,0.9
18336,291,1.7
18402,291,3.4
19312,291,1
44158,291,2.6
19314,291,0.6
43098,291,1.2
18301,291,1.6
18443,291,1.6
18303,291,0.6
18304,291,0.7
18305,291,1
18308,291,0.8
18310,291,0.8
18314,291,0.5
18313,291,1.3
18316,291,1.8
18944,291,1.6
18317,291,1.6
18444,291,2.6
18319,291,2.6
18445,291,2.6
18320,291,1.2
18322,291,2.6
18323,291,0.8
18324,291,2.1
18326,291,1.8
18328,291,0.6
16402,291,6.7
16102,291,6.7
16101,291,15
11826,291,6.2
11345,291,6.2
11344,291,5.1
35234,291,9.2
18634,291,1.2
18633,291,1.5
18629,291,1.6
18630,291,1.7
18635,291,1.4
18631,291,2.6
11943,291,1.9
14334,291,0.1
14341,291,0.1
9409,291,0.2
9273,291,0.2
9510,291,0.2
9275,291,0.2
9274,291,0.7
9271,291,0.8
9270,291,0.8
9354,291,1.3
9268,291,0.8
9269,291,0.8
9267,291,0.8
9272,291,1.1
9266,291,1.4
9430,291,1.4
21271,291,1.8
21272,291,1.7
21273,291,1.6
21274,291,1.7
21275,291,1.8
21276,291,2
21293,291,2.4
21294,291,2.1
21512,291,1.7
21295,291,2.4
21296,291,2.6
21297,291,2
21491,291,2.1
21497,291,2.3
21498,291,2
21496,291,2.4
21298,291,2.3
32012,291,1.2
21224,291,2.2
21225,291,2.5
21505,291,3
21226,291,2.2
21227,291,2.3
22903,291,2.2
9278,291,2.3
9446,291,3.5
9277,291,2.3
9447,291,3.2
9379,291,1.5
9285,291,1
9284,291,0.9
9282,291,0.9
9283,291,0.9
9281,291,0.9
9293,291,3.8
9292,291,3.1
9291,291,7.1
9279,291,1.4
35206,291,6
11349,291,0.4
11827,291,1.5
11351,291,1.5
11350,291,1.7
7059,291,0
9442,291,0.1
9286,291,4
43572,291,14.2
25026,291,10
19436,291,2.5
21415,291,3.8
21416,291,1.7
21456,291,0.4
21458,291,0.5
21459,291,0.6
21417,291,0.8
21418,291,1.2
7065,291,0
7957,291,0
10981,291,0
10980,291,0
42190,291,0
7064,291,0
7953,291,0
7967,291,0
7966,291,0
7965,291,0
7063,291,0
10864,291,0
10860,291,0
43378,291,0
10861,291,0
10862,291,0
10123,291,0
10129,291,0
10128,291,0
10131,291,0
10132,291,0
10913,291,0
10912,291,0
10865,291,0
10866,291,0
10914,291,0
10911,291,0
10867,291,0
10885,291,0
10915,291,0
10910,291,0
10868,291,0
10886,291,0
10916,291,0
10878,291,0
10917,291,0
10909,291,0
10879,291,0
10880,291,0
10918,291,0
10908,291,0
10877,291,0
10887,291,0
10919,291,0
10907,291,0
10881,291,0
10889,291,0
10920,291,0
10906,291,0
10869,291,0
10888,291,0
10921,291,0
10870,291,0
10922,291,0
10905,291,0
10871,291,0
10872,291,0
10923,291,0
10904,291,0
10873,291,0
10890,291,0
10924,291,0
10903,291,0
10874,291,0
10891,291,0
10925,291,0
10902,291,0
10875,291,0
10892,291,0
10926,291,0
10882,291,0
10927,291,0
10901,291,0
10893,291,0
10876,291,0
10928,291,0
10900,291,0
10883,291,0
10884,291,0
10134,291,0
10183,291,0
10182,291,0
43327,291,0
43325,291,0
10136,291,0
10141,291,0
10142,291,0
10138,291,0
10137,291,0
10185,291,0
10184,291,0
43326,291,0
10146,291,0
10140,291,0
10929,291,0
10955,291,0
10931,291,0
10932,291,0
10894,291,0
10895,291,0
10935,291,0
10936,291,0
10933,291,0
10934,291,0
10937,291,0
10939,291,0
10899,291,0
10938,291,0
10149,291,0
10150,291,0
10153,291,0
10152,291,0
10165,291,0
10167,291,0
10166,291,0
10168,291,0
10169,291,0
10171,291,0
10170,291,0
10004,291,0
10193,291,0
10192,291,0
10005,291,0
10988,291,0
10001,291,0
10003,291,0
10093,291,0
10188,291,0
10187,291,0
10002,291,0
10227,291,0
10226,291,0
10229,291,0
10228,291,0
10000,291,0
10942,291,0
10952,291,0
10951,291,0
10943,291,0
10944,291,0
10950,291,0
10949,291,0
10947,291,0
10948,291,0
10954,291,0
10953,291,0
10945,291,0
10946,291,0
10220,291,0
10219,291,0
10013,291,0
10012,291,0
10015,291,0
10014,291,0
10017,291,0
10016,291,0
10019,291,0
10018,291,0
10009,291,0
10008,291,0
10011,291,0
10010,291,0
10028,291,0
10032,291,0
10989,291,0
10982,291,0
10029,291,0
10030,291,0
10178,291,0
10033,291,0
10034,291,0
10120,291,0
10984,291,0
10031,291,0
10035,291,0
10990,291,0
10983,291,0
10037,291,0
10038,291,0
10179,291,0
10036,291,0
10041,291,0
10042,291,0
10176,291,0
10040,291,0
10189,291,0
10164,291,0
10163,291,0
10094,291,0
10039,291,0
10043,291,0
10044,291,0
10048,291,0
10194,291,0
10199,291,0
10045,291,0
10046,291,0
10180,291,0
10049,291,0
10050,291,0
10177,291,0
10195,291,0
10196,291,0
10197,291,0
10200,291,0
10201,291,0
10202,291,0
10047,291,0
10051,291,0
10198,291,0
10203,291,0
10992,291,0
10206,291,0
10991,291,0
10993,291,0
10205,291,0
10204,291,0
10986,291,0
10209,291,0
10985,291,0
10987,291,0
10208,291,0
10207,291,0
10052,291,0
10056,291,0
10210,291,0
10214,291,0
10053,291,0
10054,291,0
10057,291,0
10058,291,0
10211,291,0
10212,291,0
10215,291,0
10216,291,0
10055,291,0
10059,291,0
10213,291,0
10217,291,0
10221,291,0
10222,291,0
10218,291,0
10223,291,0
10061,291,0
10060,291,0
10859,291,0
10858,291,0
10063,291,0
10064,291,0
10186,291,0
10062,291,0
10067,291,0
10068,291,0
10181,291,0
10066,291,0
10065,291,0
10224,291,0
10069,291,0
10225,291,0
10021,291,0
10022,291,0
10023,291,0
10020,291,0
10025,291,0
10026,291,0
10027,291,0
10024,291,0
10007,291,0
10006,291,0
10081,291,0
10080,291,0
10085,291,0
10084,291,0
10075,291,0
10076,291,0
10074,291,0
10078,291,0
10079,291,0
10077,291,0
10083,291,0
10087,291,0
10082,291,0
10086,291,0
10071,291,0
10070,291,0
10073,291,0
10072,291,0
10089,291,0
10940,291,0
10088,291,0
10097,291,0
10096,291,0
10099,291,0
10098,291,0
10101,291,0
10100,291,0
10173,291,0
10102,291,0
10104,291,0
10103,291,0
10105,291,0
10107,291,0
10106,291,0
10109,291,0
10111,291,0
10110,291,0
10113,291,0
10112,291,0
10114,291,0
10116,291,0
10115,291,0
10118,291,0
10117,291,0
10863,291,0
10119,291,0
10175,291,0
10174,291,0
10122,291,0
10121,291,0
10974,291,0
10977,291,0
10975,291,0
10978,291,0
10972,291,0
10976,291,0
10979,291,0
10973,291,0
10957,291,0
10962,291,0
10963,291,0
10956,291,0
43297,291,0
10898,291,0
10959,291,0
10958,291,0
10961,291,0
10960,291,0
19823,291,6.1
11413,291,5.9
11672,291,3.3
11399,291,2
11398,291,2.3
22971,291,1.3
11414,291,1.3
6969,291,7.6
11385,291,0.9
11384,291,4.1
11373,291,1.8
11843,291,1.8
11828,291,2.2
11674,291,2.2
11829,291,1.5
11363,291,1.5
11830,291,7.9
11364,291,7.9
11831,291,2
11365,291,1.8
11832,291,3.3
11366,291,3.3
11833,291,2
11367,291,1.8
11376,291,2.3
43311,291,2.4
11374,291,1.4
11352,291,2.2
11403,291,2
11402,291,1.9
11842,291,1.9
11841,291,2.6
11406,291,3
11407,291,3.2
11359,291,2
11360,291,2.3
31031,291,2.3
11394,291,2.3
11395,291,2.8
31030,291,2.4
11411,291,1.9
11412,291,2.6
31029,291,2.4
11840,291,3.2
11409,291,3.2
11408,291,4.5
11400,291,1.2
11391,291,3.2
11390,291,1.4
11392,291,2.9
11370,291,3.2
31022,291,3.6
31021,291,1.8
11378,291,6.6
11382,291,6.6
11380,291,7.1
11379,291,0.8
11930,291,2.3
11383,291,1.3
11381,291,2.2
11657,291,1.5
11934,291,1.5
11371,291,1.5
11929,291,2.2
11675,291,2.3
11835,291,1.6
11368,291,1.6
11369,291,5.5
11834,291,2.3
11836,291,5.5
11362,291,2.5
11358,291,1.8
11355,291,1.7
11361,291,2.6
11356,291,2.3
11353,291,1.3
11387,291,1.1
11386,291,8.6
11372,291,1.9
11844,291,1.9
11357,291,2.1
11354,291,2.4
31027,291,2.2
31028,291,2
31026,291,2.6
32013,291,1.4
7067,291,0
5301,291,0
5302,291,0
5303,291,0
35201,291,7.2
35200,291,8
6994,291,2.3
6220,291,2.3
6221,291,2.3
6995,291,2.4
6222,291,2.3
6223,291,2.3
6224,291,2.3
6225,291,2.3
6234,291,2.4
6237,291,2.4
27033,291,2.3
6226,291,2.4
6228,291,2.3
6229,291,2.3
6231,291,2.4
6232,291,3.2
6233,291,3.2
6236,291,2.3
6239,291,2.4
6932,291,2.3
6240,291,2.3
43109,291,1.7
25024,291,1.7
9287,291,3.6
35198,291,5.3
1224,291,2
1223,291,7.1
9294,291,1
9423,291,3.3
9288,291,3.8
19333,291,0
44260,291,0.8
44259,291,0.9
19318,291,0
19121,291,0
19319,291,0
19705,291,0
19320,291,0.3
19122,291,0
19321,291,0
19706,291,0.3
44061,291,6.1
44258,291,10.1
19184,291,3.6
19123,291,0.4
19185,291,1
19188,291,4.5
19190,291,0.8
19189,291,0.8
19183,291,0
19235,291,0.3
19322,291,4
19191,291,0.1
19323,291,0.1
19324,291,1.6
19219,291,0.2
19325,291,0.2
19330,291,0
19204,291,0
19331,291,0
19332,291,0.1
19708,291,0.1
19194,291,0.7
19208,291,0.1
19195,291,0.1
19193,291,0.3
19198,291,0.2
19209,291,0
19199,291,0
19709,291,0.2
19218,291,0
19234,291,0
19202,291,0
19203,291,0
19206,291,0.6
19212,291,0
19207,291,0.1
19710,291,0
19201,291,0
19233,291,0
18337,291,1.5
18211,291,1.5
22972,291,1.2
9295,291,1
11417,291,0.9
11848,291,2.7
11419,291,2.7
11426,291,8.3
11846,291,2.9
11424,291,2.9
11845,291,1.1
11423,291,1.1
11847,291,0.9
11422,291,0.5
5159,291,0
43282,291,0
5157,291,0
5158,291,0
1267,291,0
9296,291,1.9
20137,291,2.8
20035,291,7
11952,291,0.9
43142,291,2.2
11850,291,1.6
11431,291,1.6
11432,291,23.9
11430,291,1.6
11429,291,1.6
11637,291,1.4
9297,291,4
9299,291,6.8
9298,291,3.7
9301,291,0.9
9304,291,3.3
9306,291,4.4
9518,291,6.5
9302,291,6.5
35202,291,7.5
22976,291,1.4
22899,291,1.3
22900,291,1.5
14634,291,0.4
1200,291,0.4
16172,291,4.7
16103,291,3.7
16403,291,3.7
16171,291,4.7
36603,291,1.5
36626,291,0.9
36623,291,1
36601,291,2.6
36602,291,1.1
36618,291,0.9
36619,291,1.5
36617,291,1
36629,291,0.8
36620,291,1.4
36621,291,1
36622,291,1
36624,291,1.2
36625,291,1.3
36015,291,1.1
36034,291,0.9
36037,291,1.4
36035,291,1.9
36033,291,0.9
36014,291,3.9
36012,291,2
36039,291,2.7
36017,291,1.1
36036,291,2.6
36016,291,1.5
36038,291,1.5
36055,291,1.2
36059,291,0.9
36041,291,1.5
36630,291,1.6
36046,291,1.7
36415,291,2.6
36405,291,3.4
36407,291,1.4
36406,291,2.6
36404,291,0.5
36413,291,4.9
36416,291,1.5
36401,291,1.2
36403,291,2
36408,291,5.8
36409,291,2.9
36410,291,2.6
36411,291,3.2
36412,291,2.4
36050,291,1.9
36052,291,1.7
36056,291,2.2
36418,291,8
36061,291,1.5
36417,291,1.2
9310,291,2
9309,291,1.8
9307,291,1.8
32001,291,0.6
32000,291,1.6
22999,291,0.7
22998,291,1.2
32003,291,0.6
32002,291,1.2
8546,291,1.8
22958,291,0.7
20060,291,21
42204,291,4.2
14639,291,0.3
20090,291,4.6
20061,291,2.4
20134,291,1
20133,291,1.6
20037,291,1.8
20036,291,3.5
20041,291,1.8
20040,291,3.4
20055,291,1
20054,291,2.8
20047,291,0.9
20046,291,1.8
20447,291,0.9
20446,291,1.8
20048,291,1.9
20049,291,0.6
20045,291,0.4
20345,291,0.4
20545,291,0.4
20445,291,0.4
20044,291,1.3
20444,291,1.3
20051,291,0.3
20050,291,1.4
20052,291,2.8
20058,291,0.9
7912,291,0.2
7043,291,0
18344,291,3.7
18345,291,4.1
18342,291,2
18396,291,1.9
18346,291,4.9
18347,291,3.8
18348,291,7.5
18349,291,3.2
18351,291,3.8
18350,291,2.1
18352,291,6.2
18353,291,2.3
43441,291,5.4
35203,291,24.1
2063,291,14.1
9428,291,6.2
5363,291,0
11851,291,1.8
11436,291,1.8
11435,291,2.3
20063,291,23.8
20065,291,8
20064,291,11.8
20062,291,15.1
43331,291,0.2
4539,291,0.4
42192,291,1.8
42153,291,0
43020,291,0
43215,291,1.1
43015,291,0.5
4705,291,0.2
43021,291,0.1
43016,291,0.1
42230,291,0.4
4120,291,0
4141,291,0
4367,291,2.2
42171,291,0
4020,291,1.5
4142,291,1.1
4146,291,0
4133,291,0
43017,291,0.1
4135,291,0
4686,291,0.8
4703,291,0.4
4021,291,0
4114,291,0
4143,291,0
4636,291,0.6
42140,291,0.2
4144,291,0
4013,291,2
4011,291,0.1
4014,291,1.9
43329,291,0
4018,291,0
42193,291,1.9
4028,291,0
4027,291,0
4029,291,0
4641,291,0
4689,291,0.2
4025,291,0
4026,291,0
4145,291,0
42137,291,0
4704,291,0.3
4639,291,0
4638,291,0.1
4640,291,1.1
4015,291,0.7
4022,291,0.3
4016,291,1
4688,291,0.3
43019,291,0
4635,291,3.3
4023,291,1.2
4017,291,0.8
7068,291,0
7069,291,0
7070,291,0.1
7071,291,0
7072,291,0
7926,291,0
7941,291,0
7913,291,0.2
35190,291,0
15264,291,0
15253,291,0
11437,291,3.3
11852,291,3.1
11438,291,3.1
2047,291,0
43135,291,3.3
7073,291,0.2
4030,291,0.4
9313,291,5.3
9314,291,5.4
6150,291,0.9
27056,291,1
27057,291,1.4
6307,291,0.4
27058,291,0.5
27055,291,1.3
6930,291,0.5
6962,291,1.9
27051,291,1.8
27046,291,0.6
6179,291,0
6175,291,2.8
6166,291,0.2
6167,291,0.3
6165,291,0.1
6176,291,0.3
6931,291,1.8
6976,291,1.8
6618,291,1.1
27059,291,1.8
6961,291,0.7
6152,291,2
6151,291,0.7
6168,291,0.3
6169,291,0.6
6164,291,1.9
27047,291,1.9
6142,291,1.7
27048,291,1.5
27050,291,0.1
27049,291,0.5
6112,291,0.1
6189,291,0.1
6972,291,5.9
6971,291,0
43350,291,2.5
11439,291,2.9
7004,291,0
42262,291,0
7928,291,0
7089,291,0.1
7036,291,0
7914,291,0
7927,291,0.9
16107,291,2.8
7915,291,0
7916,291,0
7917,291,0
7075,291,0
7918,291,0.2
7919,291,0
7929,291,0.9
7083,291,0
21145,291,2.7
21146,291,4.1
21149,291,2
21147,291,3.8
21148,291,4.1
7951,291,0.3
2076,291,10.8
2074,291,0
2075,291,13.3
11442,291,0.5
31019,291,36.7
31020,291,4.5
11444,291,1.3
11445,291,1.3
11446,291,0.3
11667,291,3.6
11669,291,0.5
12003,291,4.8
12001,291,5.2
12158,291,6
12005,291,14.9
12006,291,34.4
12007,291,3
12160,291,5.5
12220,291,27.3
12014,291,6
12516,291,6.5
12016,291,6.5
12663,291,18.4
12163,291,18.4
12169,291,5.5
12198,291,9.3
12166,291,9.3
12171,291,9.3
12698,291,4.7
12201,291,11.6
12529,291,16.9
12029,291,16.9
12023,291,11.8
12024,291,14
12540,291,5.7
12040,291,5.7
12041,291,5.2
12536,291,9
12036,291,8.6
12537,291,9
12037,291,11.1
12538,291,10.6
12038,291,10.6
12539,291,11.5
12039,291,11.5
20066,291,3.9
20466,291,3.9
14428,291,0.4
14347,291,0.9
11640,291,15.7
11677,291,3.2
19097,291,1.3
4546,291,0
4548,291,0
4551,291,0
4550,291,0
4556,291,0
4560,291,0
4559,291,0
4549,291,0
4554,291,0
4570,291,0
4544,291,0
4031,291,0
4666,291,0
4667,291,0
4649,291,0
4595,291,0
4587,291,0
4586,291,0
4615,291,0
16259,291,0.6
16256,291,0.6
16257,291,0.6
16247,291,0
16237,291,0.8
16249,291,0
16261,291,0
16262,291,0
16258,291,0.6
16240,291,0.8
16238,291,0.4
16239,291,0.4
16248,291,0
16246,291,0
16260,291,0
16255,291,0.6
16252,291,0.4
16235,291,0.4
16243,291,2.1
16242,291,0.8
16241,291,0.4
16254,291,0.6
16253,291,0.6
16244,291,0.4
16250,291,0.4
16251,291,0.6
16236,291,0.4
16245,291,0.4
6620,291,2.9
6621,291,2.7
6622,291,2.6
6623,291,3.1
6619,291,2
6624,291,1
6625,291,1.5
7074,291,0
7076,291,0
7077,291,0
25062,291,7.9
19410,291,2.9
25060,291,3.5
25046,291,4.1
19400,291,7.7
19002,291,1.8
25059,291,4.2
25043,291,0.2
25003,291,3.3
25051,291,7.4
19419,291,1.9
19004,291,5.2
19003,291,4
43447,291,4.4
19005,291,1.1
19007,291,3.9
19008,291,1.4
19802,291,2.2
19401,291,8.4
19403,291,3.6
19010,291,2.2
25023,291,8.1
25013,291,8.8
25022,291,7.8
19013,291,0
19274,291,3.5
19014,291,0
19033,291,3.9
25035,291,3.1
25053,291,2.9
25055,291,3.8
25054,291,4.4
25032,291,7.7
25034,291,5.9
25033,291,11.4
25041,291,10
25052,291,4.2
25056,291,3.2
42272,291,6.2
19016,291,4.8
19017,291,4.4
19420,291,2.9
19015,291,5.3
25039,291,4.6
25038,291,4.3
19024,291,3.4
19026,291,2.8
19404,291,3.8
19405,291,4
19406,291,5.6
19021,291,4.3
19027,291,4.2
19020,291,4.6
19022,291,4.2
25036,291,5.7
19439,291,6.2
19438,291,0.6
19441,291,6.9
19009,291,6.9
19049,291,1.8
19440,291,2.6
25009,291,2.4
25007,291,2.6
25048,291,7.5
19031,291,13.2
25037,291,3.8
25027,291,3.5
19034,291,14.5
19806,291,15.1
19036,291,2.9
19038,291,3.8
19039,291,5.2
19040,291,9.9
42259,291,10
25000,291,13.6
25001,291,14.2
25014,291,10
19035,291,8.1
19807,291,10
19041,291,0
19042,291,3.8
19421,291,5.2
19437,291,7.5
19423,291,6.8
25064,291,4.2
25063,291,2.7
19412,291,3.4
19445,291,7.3
19045,291,3.2
19046,291,1.2
19809,291,4.8
19810,291,4.8
19411,291,3.1
19811,291,4.8
19422,291,5.9
19043,291,5.2
42283,291,4.8
19415,291,3.4
19048,291,2.4
19814,291,2.8
19812,291,2.8
19813,291,2.8
19047,291,3.4
19050,291,7.7
19052,291,3.8
19413,291,2.9
19414,291,3
19051,291,4.2
19816,291,4.2
19416,291,4
19053,291,5.4
19418,291,2.8
25025,291,3.5
19273,291,7.7
25012,291,8.8
19524,291,7.2
43566,291,5.7
19444,291,6.4
19833,291,5.3
19057,291,5.1
19857,291,5.3
19424,291,4.8
19056,291,5.4
19058,291,4
19063,291,5.3
43364,291,5.3
19062,291,5
25030,291,10.9
25040,291,4.7
25050,291,3.7
20650,291,1.9
20648,291,6.6
20067,291,6.7
6190,291,4
6731,291,4.6
6006,291,4.6
6007,291,4.6
6004,291,5.9
6404,291,2.9
6978,291,0.2
6749,291,1.2
27045,291,0.8
6032,291,0
6008,291,0
6075,291,0
6475,291,0
6432,291,0
6076,291,0
6476,291,0
6147,291,0.2
6547,291,0.1
6009,291,0.6
6409,291,0.3
6980,291,0.6
6002,291,6.8
6402,291,3.4
6981,291,0.2
6584,291,1.8
6011,291,2.2
6211,291,0.4
6411,291,0.4
6024,291,0.9
6081,291,0
6080,291,0
6480,291,0
6013,291,0
6183,291,0
6413,291,0
6970,291,0
6194,291,0
6725,291,0.9
6017,291,1.6
6417,291,0.8
6726,291,1.4
6149,291,3.2
6549,291,0.1
6019,291,0.9
6419,291,0.2
6128,291,3.2
6528,291,0.1
6966,291,0.2
27044,291,0.8
6022,291,0.4
6208,291,0.3
6025,291,0.7
6012,291,0.4
6412,291,0.2
6023,291,0.9
6423,291,0.3
6015,291,0.6
6026,291,2.5
6426,291,1.2
6070,291,0.6
6018,291,0.8
6067,291,1.1
27060,291,1.1
6027,291,1.2
6028,291,1.2
6428,291,0.6
6030,291,0.7
6230,291,0.3
6430,291,0.3
27042,291,1
27043,291,0.8
6489,291,0
6034,291,0.3
6001,291,0.4
6201,291,0.3
6401,291,0.2
6010,291,0.6
6210,291,0.3
6410,291,0.3
6016,291,0
6955,291,0.4
6216,291,0.1
6416,291,0.1
6483,291,0.1
6043,291,0.7
6182,291,0.6
6243,291,0.3
6443,291,0.3
6968,291,0.2
6046,291,0.4
6246,291,0.3
6446,291,0.4
6053,291,1.3
6253,291,0.2
6453,291,0.2
6056,291,0.2
6256,291,0.1
6456,291,0.1
6101,291,3
27000,291,0.4
6315,291,0.8
6314,291,0.8
6316,291,1.9
27001,291,0.5
6039,291,2.4
6040,291,0.8
6440,291,0.4
6177,291,2.4
6442,291,0.3
6044,291,0.1
6444,291,0.3
6045,291,0.7
6094,291,6.6
6494,291,0.3
6048,291,0
6248,291,0
6049,291,3.9
6249,291,1.1
6449,291,1.9
6965,291,1.9
6050,291,1.7
6051,291,1.7
6451,291,0.9
6052,291,0.4
6728,291,0.6
6583,291,2.9
6982,291,3
6983,291,2.9
27035,291,2.7
6055,291,1
6180,291,0
6729,291,2.3
6738,291,3
6170,291,0
6172,291,0
6174,291,0
6984,291,0
6061,291,1.2
6461,291,0.6
6158,291,0.8
6358,291,0.2
6558,291,0.2
6063,291,1.3
6463,291,0.7
6159,291,1.1
6956,291,1.2
6359,291,0.6
6559,291,0.6
6498,291,0.4
6964,291,0.6
6465,291,0.3
6466,291,0.2
6071,291,1.6
6471,291,0.8
6742,291,1.5
6974,291,0.4
6967,291,1.1
6072,291,1.3
6472,291,0.7
6217,291,2.1
6068,291,0.5
6468,291,0.3
27002,291,0.2
1180,291,0
1074,291,0
1179,291,0
1178,291,0
1058,291,0
9315,291,3.3
16117,291,17.5
16417,291,16
16115,291,9.6
16415,291,9.6
16116,291,9.7
16118,291,16
16418,291,10.2
16421,291,5.5
16420,291,5.5
16121,291,5.5
16122,291,5.6
16422,291,5.6
16423,291,2
16125,291,0.5
16124,291,0.8
16123,291,0.8
16424,291,0.7
16425,291,0.3
43299,291,0
11853,291,4.2
11451,291,4.2
11450,291,4.2
16109,291,6
16409,291,6
16111,291,8.1
16108,291,9.3
16410,291,17.7
16110,291,17.7
11453,291,0.8
11923,291,0.8
11452,291,1.1
16223,291,0.4
16229,291,0.8
16230,291,0.2
16222,291,0.5
16227,291,0.7
16231,291,0.2
16166,291,0.4
16168,291,0.4
16228,291,0.6
16225,291,0.3
16120,291,0.6
16139,291,0.2
22401,291,1.8
20321,291,1.8
20121,291,1.8
20521,291,1.8
20421,291,1.8
20120,291,3.2
20420,291,3.2
20123,291,1.7
20523,291,2
20622,291,2.4
20126,291,10.6
20125,291,4.5
22912,291,2.7
22929,291,1.9
22930,291,1.2
22932,291,1.2
22966,291,1.5
22942,291,1.6
22937,291,1.2
22931,291,1.2
22965,291,1.4
22938,291,1.2
22939,291,1.6
22940,291,1.6
22941,291,1.6
32021,291,1.5
32018,291,3.1
2066,291,29.8
2065,291,6.8
20141,291,3.9
20140,291,10.7
2001,291,21.6
2002,291,14.6
2003,291,37.7
2004,291,26.3
2005,291,38
2006,291,28
2007,291,11.8
2008,291,11.3
2009,291,34.8
2010,291,53.1
2011,291,33.9
2012,291,10.4
2013,291,41.9
2014,291,10.5
2015,291,53.2
2016,291,21.1
2017,291,13.6
2018,291,39.8
2019,291,24.6
2020,291,9
2021,291,14.1
2022,291,20.2
2023,291,40.3
2024,291,12.2
2025,291,20.8
2026,291,15.2
2027,291,42.5
2028,291,34.9
2029,291,26.7
2030,291,25.3
2031,291,27.2
2032,291,26.2
2033,291,19.5
2034,291,11.3
2035,291,14.8
2036,291,42.6
2037,291,3.9
2038,291,40.3
2039,291,45.7
2041,291,7.4
2042,291,37
2043,291,22.7
11658,291,0.7
11855,291,2.2
11461,291,2.4
11459,291,1.6
11854,291,2.4
11458,291,2.4
11856,291,3.7
11464,291,3.7
11463,291,2.9
11457,291,2.2
6192,291,1.9
6193,291,1.9
5162,291,0
5160,291,0
5161,291,0
35139,291,1.5
11857,291,1.4
11642,291,1.4
11641,291,1.1
11471,291,1.4
11858,291,1.1
11468,291,1.1
11859,291,1.4
11474,291,1.4
11473,291,1.2
11467,291,1
11860,291,1.9
11476,291,1.9
11475,291,1.2
11861,291,1
11478,291,1
11862,291,1.3
11480,291,1.3
11479,291,1.3
11477,291,1
11864,291,4.4
11483,291,4.4
11865,291,2.6
11484,291,2.6
11482,291,1.5
11863,291,2.8
11644,291,2.8
11643,291,1.5
11866,291,3.2
11486,291,3.2
11487,291,1.3
11485,291,2
11868,291,4.9
11490,291,4.9
11869,291,2.9
11491,291,2.9
11489,291,3.9
11870,291,1.4
11493,291,1.4
11492,291,1.5
11953,291,1.1
35145,291,2
35146,291,1.7
35236,291,1.5
35205,291,6.9
9317,291,1.7
9320,291,1.9
9319,291,1.9
9318,291,2.1
9316,291,2
14350,291,0
14351,291,0
18354,291,2.2
21213,291,1.2
21210,291,0.7
21214,291,0.7
11497,291,3
11499,291,2.6
11496,291,4.5
11872,291,4.1
11502,291,4.1
11501,291,4
9321,291,4.4
19334,291,0
19335,291,0
19340,291,0
19336,291,0
28250,291,3.1
28251,291,2.2
28234,291,2.1
28235,291,2.2
28236,291,2.4
28237,291,2.4
28238,291,2.2
28245,291,4.3
28239,291,2.3
28240,291,2.2
28243,291,2.9
28244,291,2.2
28246,291,2.2
28280,291,2.4
28247,291,2.1
28248,291,2.6
28281,291,2.2
28252,291,2.6
28253,291,3.7
28254,291,3.2
28249,291,2.5
28241,291,2.5
28242,291,2.5
28282,291,2.6
22943,291,1.2
22944,291,0.8
22945,291,2
22946,291,1.1
22947,291,2.1
22948,291,2.4
22949,291,2.5
22950,291,2.4
11503,291,2.1
11873,291,1.9
11504,291,1.9
6609,291,0
6615,291,0
22951,291,0.7
22952,291,0.8
11874,291,1.9
11506,291,1.9
11505,291,5.3
31025,291,1.9
11514,291,1.7
11647,291,3
11645,291,2.5
11512,291,1.8
11875,291,3.3
11508,291,3.3
11510,291,2.5
11876,291,2.5
11659,291,2.1
11877,291,1.8
11517,291,1.8
11516,291,1.7
11507,291,3
31024,291,3.4
31023,291,3.6
18355,291,1.2
18356,291,2.4
19918,291,0
19912,291,0.2
19909,291,0.6
19337,291,0
43216,291,0
44018,291,0.1
43158,291,0
19868,291,0
7920,291,0
90480,291,0
19911,291,0
19348,291,2.8
19345,291,0
19916,291,2.9
19349,291,0
19351,291,0
19350,291,0
43026,291,3
42040,291,0
19352,291,0
19353,291,0
19355,291,0
19361,291,0.1
19362,291,0
19129,291,0
19128,291,0
19360,291,0
19720,291,0
19113,291,0
36020,291,0.8
36010,291,0.9
36007,291,4.1
36008,291,2.2
36009,291,1
21264,291,4.2
21265,291,3.7
21266,291,2.4
21267,291,2.4
21268,291,3.2
21269,291,3.7
21260,291,3.9
21261,291,2.9
21262,291,1.2
21263,291,1.6
21270,291,3
18360,291,6.7
18448,291,7.5
35147,291,3.1
35237,291,3.3
9437,291,0.5
9322,291,5.1
9223,291,0.2
9221,291,0.2
9219,291,0.7
9383,291,1.2
9220,291,0.7
9218,291,1.8
20068,291,0.9
32007,291,2.8
32006,291,2.9
11521,291,2
11520,291,3.7
11878,291,5.1
11519,291,5.1
11879,291,2
11518,291,4.1
14544,291,0
14355,291,0
14352,291,0
14545,291,0
14381,291,0
14356,291,0
14375,291,0
14548,291,0
14370,291,0.7
14357,291,0
14371,291,0.1
14376,291,0
14368,291,5
14366,291,8.5
14353,291,8.5
14367,291,0
14475,291,0
14476,291,0
14137,291,0
20143,291,2.8
20142,291,8
7078,291,0
2049,291,14
18361,291,2.3
18362,291,1
18938,291,1.8
18939,291,1
18494,291,5.5
18497,291,5.6
18476,291,1.1
18478,291,1.5
18477,291,1.1
18479,291,1.4
18481,291,1
18482,291,2.1
18486,291,1
18489,291,1.3
18490,291,1.3
18487,291,1.4
18488,291,1.1
3968,291,0
3967,291,0
43476,291,0.2
16128,291,7.2
16428,291,1.2
16159,291,0.4
16126,291,0.9
16129,291,3.9
16429,291,3.9
16160,291,0.6
16426,291,2.3
16427,291,0.3
16127,291,0.2
11954,291,1.9
43365,291,0.8
11540,291,0.4
11886,291,0.4
11887,291,4.1
11546,291,4.1
11888,291,1.9
11547,291,1.9
11549,291,1.5
11649,291,1.4
11555,291,2.2
11551,291,1.5
11553,291,1.8
11557,291,1.4
11559,291,1.4
43217,291,1.5
11693,291,1.9
11527,291,1.1
11695,291,0.9
11531,291,1.9
11885,291,1.9
11533,291,1
11530,291,0.7
11660,291,1.7
11884,291,0.7
11529,291,1.2
11955,291,12.3
11956,291,5.8
11696,291,0.7
19364,291,0.9
19365,291,0.1
19367,291,2.3
19366,291,0.4
19137,291,0.7
22901,291,1.9
19433,291,5.3
25028,291,4.7
35239,291,3.4
35143,291,2.4
18363,291,6.3
18449,291,5.2
18364,291,2.5
18970,291,2.4
18450,291,3.3
28295,291,9.8
18952,291,5.8
11928,291,3.7
11563,291,3.7
20070,291,14.6
5286,291,0
42173,291,0
7973,291,0
7046,291,0.5
5293,291,0
7079,291,0.5
7081,291,0
5187,291,0
5703,291,0
5702,291,0
5697,291,0
5696,291,0
5182,291,0
5181,291,0
5185,291,0
5180,291,0
5179,291,0
7080,291,0.2
42128,291,0
5292,291,0.5
22528,291,1.1
5295,291,0
5296,291,0
7082,291,0
7958,291,0
7955,291,0
7066,291,0.3
5294,291,0
5190,291,0
5192,291,0
5191,291,0
5194,291,0
5193,291,0
5186,291,0
5196,291,0
5195,291,0
5744,291,0
5745,291,0
5719,291,0
5720,291,0
5215,291,0
5216,291,0
5721,291,0
5718,291,0
5219,291,0
5220,291,0
7943,291,0
5284,291,0
5694,291,0
5184,291,0
5183,291,0
5285,291,0
5724,291,0
5725,291,0
5738,291,0
5739,291,0
43367,291,0
5701,291,0
5700,291,0
5695,291,0
5698,291,0
5699,291,0
5188,291,0
5200,291,0
5174,291,0
5173,291,0
5176,291,0
5175,291,0
43391,291,0
43390,291,0
5178,291,0
5177,291,0
5304,291,0
7900,291,0.6
42241,291,0
5733,291,0
5732,291,0
5711,291,0
5710,291,0
5737,291,0
5736,291,0
5723,291,0
5716,291,0
5727,291,0
5709,291,0
5708,291,0
5743,291,0
5742,291,0
5722,291,0
5717,291,0
5735,291,0
5734,291,0
5713,291,0
5712,291,0
5170,291,0
5169,291,0
5715,291,0
5714,291,0
22957,291,1.3
5726,291,0
5728,291,0
5740,291,0
5741,291,0
7944,291,0.4
5706,291,0
5707,291,0
5704,291,0
5705,291,0
5172,291,0
5171,291,0
5166,291,0
5165,291,0
5168,291,0
5167,291,0
5729,291,0
5730,291,0
5227,291,0
5228,291,0
43366,291,0
5236,291,0
11893,291,3.1
11577,291,3.1
11576,291,2.4
43387,291,1.3
11570,291,1.7
11891,291,3.5
11569,291,3.5
11892,291,3.4
11575,291,3.4
11574,291,2.5
11568,291,3.2
11889,291,2
11565,291,2
11890,291,2
11567,291,2
11566,291,1.8
11564,291,1.8
32015,291,1.6
93600,291,0
5336,291,0
4670,291,0
4669,291,0
23501,291,1.4
23506,291,1.3
13166,291,0
23502,291,0
23508,291,0
23503,291,0
23507,291,0
1182,291,0
5353,291,0
5338,291,0
5337,291,0
7044,291,0
16167,291,5.7
7907,291,0
10158,291,0
10802,291,0
10804,291,0
10803,291,0
10805,291,0
7901,291,0
15251,291,0
15252,291,0
5600,291,0
5354,291,0
14086,291,0
14087,291,0
14088,291,0.4
14623,291,0
14620,291,0
14621,291,0
14622,291,0
2050,291,0
2051,291,0
2052,291,0
17155,291,0
17000,291,0
17154,291,0
17350,291,0
17349,291,0
17352,291,0
17351,291,0
17270,291,0
17093,291,0
17092,291,0
17089,291,0
17088,291,0
17091,291,0
17090,291,0
17141,291,0
17140,291,0
17436,291,0
17429,291,0
17143,291,0
17424,291,0
17142,291,0
17095,291,0
17096,291,0.3
17097,291,0
17098,291,0
17094,291,0
17100,291,0
17101,291,0.2
17102,291,0
17103,291,0
17099,291,0
17425,291,0
17426,291,0
17437,291,0
17427,291,0
17105,291,0
17106,291,0
17104,291,0
17108,291,0
17109,291,0
17107,291,0
17111,291,0
17112,291,0
17110,291,0
17114,291,0
17115,291,0
17113,291,0
17279,291,0
17435,291,0
17428,291,0
17123,291,0
17124,291,0
17122,291,0
17126,291,0
17127,291,0
17125,291,0
17438,291,0
17128,291,0
17430,291,0
17131,291,0
17129,291,0
17130,291,0
17132,291,0
17133,291,0
17117,291,0
17118,291,0
17116,291,0
17120,291,0
17121,291,0
17119,291,0
17135,291,0
17136,291,0
17134,291,0
17138,291,0
17139,291,0
17137,291,0
17189,291,0
17190,291,0
17188,291,0
17194,291,0
17193,291,0
17198,291,0
17197,291,0
17203,291,0
17204,291,0
17202,291,0
17208,291,0
17207,291,0
17213,291,0
17212,291,0
17217,291,0
17216,291,0
17219,291,0
17218,291,0
17223,291,0
17222,291,0
14633,291,0
11578,291,0.5
11585,291,0.5
42151,291,0
4513,291,0
43312,291,3.1
11581,291,3
11579,291,3.8
11894,291,4.4
11584,291,4.4
11583,291,4
43134,291,6.1
43137,291,4.6
43136,291,1.1
16147,291,4.9
43114,291,3.9
2048,291,0
2053,291,0
2068,291,0
16276,291,0.9
16277,291,0.6
16278,291,0.2
16275,291,1.2
16271,291,0.6
16273,291,1
16274,291,0.8
16210,291,0.6
16212,291,1.3
16213,291,0.8
16214,291,0.3
16211,291,2
16219,291,0.1
16216,291,0.4
16215,291,0.4
18934,291,2.4
18933,291,2.6
18935,291,2.4
18932,291,2.2
18951,291,1.5
18403,291,2.4
18365,291,2.2
28304,291,4.3
11990,291,7.8
14555,291,0
14384,291,0
14385,291,0
14604,291,0
14411,291,0
14429,291,0
14412,291,0
14637,291,0
11588,291,3
11590,291,2.5
11591,291,0.5
9326,291,0.4
11895,291,1
11594,291,1
11593,291,2.9
21243,291,1.1
21239,291,1.3
21240,291,1.4
21510,291,1.1
21247,291,4
21248,291,3.3
21244,291,1.3
21242,291,1.4
21241,291,1.7
21245,291,1.1
35009,291,0
20077,291,42.8
20081,291,2.7
20381,291,2.7
20581,291,2.7
20082,291,2.7
20481,291,2.7
20083,291,2.4
20084,291,1.7
20080,291,10.7
20129,291,2.4
20078,291,13.2
20071,291,12.2
20072,291,12.2
20074,291,12.2
20139,291,4.3
20138,291,11.1
20073,291,12.5
20075,291,12.7
20087,291,1.1
1113,291,0
1112,291,0
1115,291,0
1114,291,0
43268,291,0
42135,291,0
14028,291,0
14530,291,0
14024,291,0
20089,291,1.8
20088,291,6.2
14553,291,0
16135,291,25.9
35232,291,19.2
35235,291,2.3
18368,291,1.8
16525,291,1.2
16510,291,3.4
16511,291,2.8
16512,291,1.4
16528,291,3.1
16513,291,1.5
16529,291,2.8
16591,291,3.8
16514,291,1
16515,291,1.2
16526,291,2.4
16527,291,0
16516,291,4.5
16517,291,1.4
16531,291,2.8
16532,291,3.5
16518,291,2.8
16533,291,1.1
16534,291,2.8
16535,291,5.1
16519,291,1.8
16521,291,3.4
16522,291,2.2
16523,291,2.7
16524,291,3.3
16536,291,0
7930,291,0
11897,291,3.9
11602,291,3.9
11601,291,4.1
11603,291,4.9
16434,291,3.8
16134,291,3.8
16133,291,11
11991,291,1.5
43406,291,6.5
32011,291,1.8
21463,291,1.1
1187,291,1.2
1222,291,1.2
1235,291,2
43261,291,0
1218,291,0
1121,291,0
1217,291,0
1122,291,0
1120,291,0
1216,291,0
1203,291,0
1219,291,0
1281,291,0.7
1280,291,0.4
1275,291,0.3
1278,291,0.5
1256,291,0
1276,291,1
1117,291,0
1118,291,0
1116,291,0
1231,291,0
1184,291,0
1221,291,0
1119,291,0
1220,291,0
3217,291,2.5