food_id,nutrient_id,amount_in_food
14248,328,0.0
14013,328,0.0
14003,328,0.0
14034,328,0.0
14037,328,0.0
14550,328,0.0
14551,328,0.0
14049,328,0.0
14050,328,0.0
14415,328,0.0
14414,328,0.0
14239,328,0.0
43479,328,0.0
43154,328,0.0
14057,328,0.0
43155,328,0.0
14084,328,0.0
14096,328,0.0
14106,328,0.0
14251,328,0.0
14253,328,0.0
11001,328,0.0
20001,328,0.0
11700,328,0.0
11004,328,0.0
11003,328,0.0
04609,328,2.5
09400,328,0.0
09517,328,0.0
09016,328,0.0
09018,328,0.0
09411,328,0.0
09410,328,0.0
09017,328,0.0
09008,328,0.0
09007,328,0.0
09010,328,0.0
09009,328,0.0
09013,328,0.0
09012,328,0.0
09011,328,0.0
09015,328,0.0
09014,328,0.0
09003,328,0.0
09004,328,0.0
09005,328,0.0
09006,328,0.0
09402,328,0.0
09020,328,0.0
09401,328,0.0
09019,328,0.0
09403,328,0.0
09036,328,0.0
09029,328,0.0
09025,328,0.0
09027,328,0.0
09028,328,0.0
09357,328,0.0
09024,328,0.0
09026,328,0.0
09022,328,0.0
09023,328,0.0
09031,328,0.0
09030,328,0.0
09034,328,0.0
09033,328,0.0
09032,328,0.0
09035,328,0.0
09021,328,0.0
11701,328,0.0
11006,328,0.0
11005,328,0.0
20003,328,0.0
11697,328,0.0
11702,328,0.0
11008,328,0.0
11703,328,0.0
11010,328,0.0
11009,328,0.0
11007,328,0.0
11959,328,0.0
11015,328,0.0
11707,328,0.0
11013,328,0.0
11012,328,0.0
11705,328,0.0
11709,328,0.0
11019,328,0.0
11018,328,0.0
11011,328,0.0
09037,328,0.0
09038,328,0.0
09039,328,0.0
42150,328,0.0
03167,328,0.0
03169,328,0.0
03289,328,0.1
03115,328,0.0
03997,328,0.0
42284,328,0.0
43550,328,0.0
42119,328,0.0
43546,328,0.0
03995,328,0.0
03301,328,0.0
03290,328,0.0
42316,328,0.0
03181,328,0.0
03681,328,1.2
42285,328,0.0
03185,328,0.0
03685,328,1.1
03188,328,0.0
03187,328,0.0
03186,328,0.0
03686,328,1.2
03189,328,12.7
03192,328,0.0
03191,328,0.0
03190,328,0.0
03690,328,1.2
43544,328,0.0
03194,328,8.5
03694,328,1.2
03195,328,0.0
03212,328,0.0
03712,328,1.2
03184,328,0.0
03222,328,0.0
03206,328,0.0
03213,328,0.0
03214,328,0.0
03934,328,0.0
03209,328,0.0
43004,328,0.1
43539,328,0.0
43537,328,0.0
03225,328,0.0
03224,328,0.0
03246,328,0.5
03245,328,0.5
03221,328,0.0
03220,328,0.0
03236,328,0.0
03235,328,0.0
03233,328,0.0
03228,328,0.0
03227,328,0.0
43536,328,0.0
03297,328,0.0
03287,328,0.0
03047,328,0.0
03052,328,0.0
03055,328,0.0
03298,328,0.0
43373,328,0.0
43008,328,0.0
03069,328,0.0
03068,328,0.1
03070,328,0.1
03072,328,0.2
03090,328,0.0
03089,328,0.0
03045,328,0.0
03044,328,0.0
43432,328,0.0
03279,328,0.0
03077,328,0.0
03304,328,0.0
03050,328,0.0
03303,328,0.1
03083,328,0.0
03082,328,0.0
03296,328,0.0
03059,328,0.0
03054,328,0.0
03053,328,0.0
03274,328,0.0
03062,328,0.0
03061,328,0.1
03067,328,0.0
03066,328,0.0
03085,328,0.0
03084,328,0.0
03073,328,0.1
03964,328,0.0
03154,328,0.0
03140,328,0.0
43585,328,0.0
03165,328,0.0
03164,328,0.0
03153,328,0.0
03152,328,0.0
03143,328,0.0
03142,328,0.0
03145,328,0.0
03144,328,0.0
03147,328,0.0
03117,328,0.0
03116,328,0.0
03128,328,0.0
03118,328,0.0
03994,328,0.0
03156,328,0.0
03157,328,0.0
03163,328,0.0
03280,328,0.0
03129,328,0.0
03131,328,0.0
03130,328,0.0
03159,328,0.0
03158,328,0.0
03133,328,0.0
03132,328,0.0
03135,328,0.0
03134,328,0.0
03136,328,0.0
43007,328,0.0
43006,328,0.0
03093,328,0.0
03001,328,0.0
03166,328,0.0
43535,328,0.0
03268,328,0.0
03265,328,0.0
03168,328,0.0
03170,328,0.0
03171,328,0.0
03269,328,0.0
42266,328,0.0
03267,328,0.0
03179,328,0.0
03172,328,0.0
03174,328,0.0
42267,328,0.0
43408,328,0.0
03048,328,0.0
03959,328,0.0
43417,328,0.0
03003,328,0.4
03002,328,0.4
03014,328,0.1
03013,328,0.0
03012,328,0.3
03009,328,0.4
03008,328,0.4
03011,328,0.1
03010,328,0.1
03021,328,0.2
03017,328,0.4
03016,328,0.8
03015,328,0.8
03005,328,0.7
42120,328,0.0
43523,328,0.0
03205,328,0.0
03161,328,0.0
03141,328,0.0
42279,328,0.0
03122,328,0.0
03293,328,0.0
03112,328,0.0
03215,328,0.0
03139,328,0.0
03046,328,0.0
43529,328,0.0
03019,328,0.0
03302,328,0.1
03998,328,0.1
03216,328,0.5
42278,328,0.0
03114,328,0.0
03096,328,0.0
03098,328,0.0
03100,328,0.0
03099,328,0.0
03120,328,0.0
03119,328,0.0
03283,328,0.0
03092,328,0.0
03091,328,0.0
03282,328,0.0
03286,328,0.0
03121,328,0.0
03127,328,0.0
03105,328,0.0
03104,328,0.0
03108,328,0.0
03109,328,0.0
03024,328,0.0
03956,328,0.1
03965,328,0.0
43212,328,0.0
16104,328,0.0
07974,328,0.2
18005,328,0.0
18006,328,0.0
28322,328,0.0
18007,328,0.0
18001,328,0.0
18002,328,0.0
18968,328,0.0
28319,328,0.0
19124,328,0.0
19078,328,0.0
11710,328,0.0
11023,328,0.0
11022,328,0.0
11711,328,0.0
11025,328,0.0
11024,328,0.0
11028,328,0.0
11712,328,0.0
11027,328,0.0
11026,328,0.0
09041,328,0.0
09040,328,0.0
07001,328,0.9
20130,328,0.0
20131,328,0.0
20004,328,0.0
20006,328,0.0
20005,328,0.0
02044,328,0.0
16302,328,0.0
16003,328,0.0
16002,328,0.0
16001,328,0.0
43449,328,0.0
16006,328,0.0
16007,328,0.0
16008,328,0.0
16009,328,0.0
16010,328,0.0
16011,328,0.0
16005,328,0.0
16018,328,0.0
16317,328,0.0
16017,328,0.0
16016,328,0.0
16316,328,0.0
16315,328,0.0
16015,328,0.0
16014,328,0.0
43112,328,0.0
16021,328,0.0
16320,328,0.0
16020,328,0.0
16019,328,0.0
11973,328,0.0
16323,328,0.0
16023,328,0.0
16022,328,0.0
16026,328,0.0
16326,328,0.0
16325,328,0.0
16025,328,0.0
16024,328,0.0
16029,328,0.0
16328,328,0.0
16028,328,0.0
16027,328,0.0
16331,328,0.0
16031,328,0.0
16030,328,0.0
11029,328,0.0
16145,328,0.0
16335,328,0.0
16337,328,0.0
16034,328,0.0
16333,328,0.0
16033,328,0.0
16032,328,0.0
16336,328,0.0
16036,328,0.0
16035,328,0.0
43125,328,0.0
11626,328,0.0
16039,328,0.0
16338,328,0.0
16038,328,0.0
16037,328,0.0
11046,328,0.0
16341,328,0.0
16041,328,0.0
16040,328,0.0
16146,328,0.0
11720,328,0.0
11049,328,0.0
11048,328,0.0
16345,328,0.0
16044,328,0.0
16347,328,0.0
16343,328,0.0
16043,328,0.0
16042,328,0.0
11050,328,0.0
16346,328,0.0
16046,328,0.0
16045,328,0.0
11058,328,0.0
11729,328,0.0
11726,328,0.0
11056,328,0.0
11054,328,0.0
11723,328,0.0
11053,328,0.0
11060,328,0.0
11061,328,0.0
11731,328,0.0
11052,328,0.0
11933,328,0.0
11728,328,0.0
11932,328,0.0
11727,328,0.0
11725,328,0.0
11724,328,0.0
11730,328,0.0
11733,328,0.0
11732,328,0.0
11722,328,0.0
16051,328,0.0
16350,328,0.0
16050,328,0.0
16049,328,0.0
16348,328,0.0
16048,328,0.0
16047,328,0.0
18993,328,0.2
23491,328,0.1
22402,328,0.0
07956,328,0.5
07954,328,0.6
22905,328,0.0
43384,328,0.7
13595,328,0.1
13904,328,0.1
13975,328,0.1
13983,328,0.1
13596,328,0.1
13597,328,0.1
13055,328,0.3
13367,328,0.3
13804,328,0.4
13368,328,0.2
23134,328,0.1
23137,328,0.1
23135,328,0.2
23138,328,0.1
23136,328,0.1
23139,328,0.1
23071,328,0.1
23074,328,0.1
23069,328,0.2
23072,328,0.1
23070,328,0.1
23073,328,0.1
23113,328,0.1
13786,328,0.1
23114,328,0.1
13788,328,0.1
23115,328,0.1
13791,328,0.1
13821,328,0.1
13972,328,0.1
13822,328,0.1
13973,328,0.1
13823,328,0.1
13974,328,0.1
23140,328,0.1
23143,328,0.1
23141,328,0.1
23144,328,0.1
23142,328,0.1
23145,328,0.1
23077,328,0.1
23080,328,0.1
23075,328,0.1
23078,328,0.1
23076,328,0.1
23079,328,0.1
23090,328,0.1
23093,328,0.1
23092,328,0.1
23095,328,0.1
23091,328,0.1
23094,328,0.1
13373,328,0.2
13810,328,0.3
13812,328,0.3
13814,328,0.3
23602,328,0.1
23614,328,0.1
23612,328,0.1
23633,328,0.1
23631,328,0.0
13379,328,0.4
13816,328,0.4
13818,328,0.4
13382,328,0.2
23528,328,0.2
23531,328,0.1
13937,328,0.1
13940,328,0.1
23119,328,0.1
23122,328,0.1
23120,328,0.1
23123,328,0.1
23121,328,0.1
23124,328,0.1
23086,328,0.1
23089,328,0.1
23084,328,0.1
23087,328,0.1
23085,328,0.1
23088,328,0.1
23125,328,0.1
23128,328,0.1
23126,328,0.2
23129,328,0.1
23127,328,0.1
23130,328,0.1
13982,328,0.1
23068,328,0.1
13980,328,0.2
23066,328,0.1
13981,328,0.1
23067,328,0.1
23105,328,0.1
23108,328,0.1
23106,328,0.1
23109,328,0.1
23107,328,0.1
23110,328,0.1
13351,328,0.1
13356,328,0.1
13352,328,0.1
13359,328,0.1
13354,328,0.1
13499,328,0.1
23102,328,0.1
23103,328,0.1
23104,328,0.1
13293,328,0.1
13294,328,0.1
13349,328,0.1
23099,328,0.1
13380,328,0.2
13381,328,0.1
13285,328,0.1
13383,328,0.1
13384,328,0.1
23116,328,0.1
23117,328,0.2
23118,328,0.1
23098,328,0.1
23096,328,0.2
23097,328,0.1
13361,328,0.1
23482,328,0.1
13362,328,0.1
23494,328,0.1
13363,328,0.1
23497,328,0.1
13796,328,0.2
13795,328,0.1
13798,328,0.1
13797,328,0.1
13800,328,0.1
13799,328,0.0
13364,328,0.1
23485,328,0.1
13365,328,0.1
23495,328,0.1
13366,328,0.1
23496,328,0.1
23484,328,0.1
23483,328,0.0
23490,328,0.1
23498,328,0.1
23499,328,0.0
22908,328,0.0
13345,328,0.2
13347,328,0.1
13348,328,0.2
13350,328,0.0
13355,328,0.1
13065,328,0.1
13069,328,0.2
13068,328,0.1
13494,328,0.0
13495,328,0.0
13496,328,0.0
13497,328,0.0
13498,328,0.1
23580,328,0.0
23581,328,0.0
23578,328,0.0
23579,328,0.0
23577,328,0.1
23575,328,0.0
23576,328,0.0
23574,328,0.0
23572,328,0.1
23570,328,0.0
23571,328,0.0
23568,328,0.0
23569,328,0.0
23567,328,0.1
23565,328,0.0
23566,328,0.0
23563,328,0.0
23564,328,0.0
23562,328,0.1
23476,328,0.0
23475,328,0.0
23473,328,0.0
23472,328,0.1
23474,328,0.0
23560,328,0.0
23561,328,0.0
23558,328,0.0
23559,328,0.0
23557,328,0.1
23481,328,0.0
23480,328,0.0
23478,328,0.0
23477,328,0.1
23479,328,0.0
13317,328,0.2
23220,328,0.2
23345,328,0.1
23336,328,0.1
23346,328,0.1
23337,328,0.1
23347,328,0.1
23338,328,0.1
23375,328,0.1
23366,328,0.1
23376,328,0.1
23367,328,0.1
23368,328,0.1
23377,328,0.1
13439,328,0.1
23342,328,0.1
13440,328,0.1
23343,328,0.1
13441,328,0.1
23344,328,0.0
13442,328,0.1
23372,328,0.1
13443,328,0.1
23373,328,0.1
13444,328,0.1
23374,328,0.1
13445,328,0.1
23339,328,0.1
13446,328,0.1
23340,328,0.1
13447,328,0.1
23341,328,0.1
13448,328,0.1
23369,328,0.1
13449,328,0.1
23370,328,0.1
13450,328,0.1
23371,328,0.1
23391,328,0.1
23388,328,0.1
23389,328,0.1
23395,328,0.1
23390,328,0.1
23387,328,0.1
23394,328,0.1
23386,328,0.1
23392,328,0.1
23385,328,0.1
23393,328,0.1
23384,328,0.1
13910,328,0.3
23278,328,0.2
23281,328,0.1
23279,328,0.2
23282,328,0.1
23280,328,0.1
23283,328,0.1
23241,328,0.1
23244,328,0.1
23242,328,0.1
23245,328,0.1
23243,328,0.1
23246,328,0.1
23256,328,0.1
23257,328,0.1
23258,328,0.1
23259,328,0.1
23239,328,0.1
23260,328,0.1
23261,328,0.1
23240,328,0.1
23262,328,0.1
23446,328,0.2
23447,328,0.1
23397,328,0.2
23398,328,0.1
23448,328,0.3
23449,328,0.2
23399,328,0.2
23401,328,0.2
23450,328,0.2
23451,328,0.1
23402,328,0.2
23403,328,0.1
23452,328,0.2
23453,328,0.2
23405,328,0.2
23454,328,0.4
23455,328,0.2
23406,328,0.4
23407,328,0.2
23456,328,0.1
23457,328,0.1
23408,328,0.1
23409,328,0.1
23458,328,0.3
23459,328,0.1
23410,328,0.3
23411,328,0.1
23460,328,0.0
23461,328,0.0
23412,328,0.0
23413,328,0.0
23462,328,0.2
23463,328,0.0
23416,328,0.2
23417,328,0.0
23418,328,0.3
23419,328,0.4
23420,328,0.3
23422,328,0.1
23426,328,0.1
23427,328,0.1
23464,328,0.2
23440,328,0.2
23428,328,0.2
23429,328,0.2
23430,328,0.3
23431,328,0.2
23465,328,0.2
23467,328,0.1
23432,328,0.2
23466,328,0.1
23468,328,0.3
23469,328,0.2
23433,328,0.3
23434,328,0.2
23435,328,0.3
23436,328,0.3
23437,328,0.6
23438,328,0.6
23470,328,0.2
23471,328,0.1
23439,328,0.2
23441,328,0.1
23424,328,0.1
23414,328,0.2
23415,328,0.2
23421,328,0.8
23423,328,0.2
23425,328,0.0
23442,328,0.3
23443,328,0.3
23444,328,0.3
23445,328,0.2
23214,328,0.1
23217,328,0.1
23218,328,0.1
23216,328,0.1
23219,328,0.1
23162,328,0.1
23163,328,0.1
23164,328,0.1
23165,328,0.1
23166,328,0.1
23167,328,0.1
23221,328,0.2
23224,328,0.1
23222,328,0.2
23225,328,0.1
23223,328,0.1
23226,328,0.1
23168,328,0.2
23169,328,0.2
23170,328,0.2
23171,328,0.2
23172,328,0.2
23173,328,0.2
13020,328,0.4
13019,328,0.3
23191,328,0.2
23189,328,0.2
23146,328,0.1
23101,328,0.1
23147,328,0.1
23198,328,0.2
23199,328,0.2
23200,328,0.1
23159,328,0.1
23160,328,0.1
23161,328,0.1
23188,328,0.2
23186,328,0.2
23187,328,0.2
23156,328,0.1
23157,328,0.1
23158,328,0.1
23227,328,0.1
23230,328,0.1
23228,328,0.2
23231,328,0.1
23229,328,0.1
23232,328,0.1
23174,328,0.1
23175,328,0.1
23176,328,0.1
23177,328,0.1
23178,328,0.1
23179,328,0.1
23197,328,0.2
23195,328,0.2
23196,328,0.1
23100,328,0.1
23148,328,0.1
23149,328,0.1
23192,328,0.2
23193,328,0.2
23194,328,0.1
23150,328,0.1
23151,328,0.1
23152,328,0.1
23201,328,0.1
23202,328,0.2
23213,328,0.1
23153,328,0.1
23154,328,0.1
23155,328,0.1
23233,328,0.2
23236,328,0.2
23234,328,0.2
23235,328,0.2
23238,328,0.2
23180,328,0.2
23182,328,0.2
23183,328,0.2
23184,328,0.1
23185,328,0.1
13840,328,0.5
13388,328,0.2
13148,328,0.7
13150,328,0.3
13391,328,0.2
13851,328,0.3
13394,328,0.1
23638,328,0.1
23626,328,0.1
13829,328,0.5
23263,328,0.1
23264,328,0.1
23265,328,0.1
23266,328,0.1
23269,328,0.1
23267,328,0.1
23270,328,0.1
23268,328,0.1
23271,328,0.1
23272,328,0.1
23273,328,0.1
23274,328,0.1
23275,328,0.1
23276,328,0.1
23277,328,0.1
23590,328,0.1
13398,328,0.2
13869,328,0.2
13407,328,0.1
23605,328,0.1
23622,328,0.1
13415,328,0.0
23330,328,0.0
13416,328,0.0
23331,328,0.0
13417,328,0.0
23332,328,0.0
13418,328,0.0
23360,328,0.0
13419,328,0.0
23361,328,0.0
13420,328,0.0
23362,328,0.0
23334,328,0.0
23351,328,0.0
23333,328,0.0
23352,328,0.0
23353,328,0.0
23335,328,0.0
23381,328,0.0
23363,328,0.0
23382,328,0.0
23364,328,0.0
23383,328,0.0
23365,328,0.0
13878,328,0.2
23598,328,0.1
23616,328,0.0
13865,328,0.2
13864,328,0.2
13156,328,0.1
13421,328,0.2
13884,328,0.2
13886,328,0.2
13888,328,0.2
13424,328,0.1
23348,328,0.0
23327,328,0.0
23349,328,0.0
23328,328,0.0
23350,328,0.0
23329,328,0.0
23378,328,0.0
23357,328,0.0
23379,328,0.0
23358,328,0.0
23380,328,0.0
23359,328,0.0
13959,328,0.0
23324,328,0.0
13968,328,0.0
23325,328,0.0
13969,328,0.0
23326,328,0.0
13491,328,0.0
23354,328,0.0
13492,328,0.0
23355,328,0.0
13493,328,0.0
23356,328,0.0
13893,328,0.1
13428,328,0.1
13892,328,0.2
13897,328,0.2
13890,328,0.1
23608,328,0.1
23617,328,0.1
13342,328,0.4
23002,328,0.1
23001,328,0.1
13906,328,0.1
13905,328,0.1
23004,328,0.1
23003,328,0.1
13465,328,0.1
13464,328,0.1
13232,328,0.1
13231,328,0.1
13469,328,0.1
13468,328,0.0
13479,328,0.1
13478,328,0.1
13236,328,0.1
13235,328,0.1
13483,328,0.1
13482,328,0.0
23006,328,0.1
23005,328,0.1
13908,328,0.1
13907,328,0.1
23008,328,0.1
23007,328,0.1
13912,328,0.3
23606,328,0.1
23000,328,0.0
23111,328,0.0
23112,328,0.0
13647,328,0.0
13648,328,0.0
13649,328,0.0
23131,328,0.1
23132,328,0.1
23133,328,0.1
23083,328,0.1
23081,328,0.1
23082,328,0.1
23554,328,0.1
23536,328,0.1
23516,328,0.1
13943,328,0.1
13946,328,0.1
13598,328,0.1
13863,328,0.1
13650,328,0.1
13889,328,0.1
13862,328,0.1
13903,328,0.1
13500,328,0.1
13519,328,0.1
13501,328,0.1
13520,328,0.1
13502,328,0.1
13523,328,0.1
13928,328,0.4
13918,328,0.3
23600,328,0.1
23284,328,0.2
23285,328,0.2
23286,328,0.1
23247,328,0.1
23248,328,0.1
23249,328,0.1
23287,328,0.2
23288,328,0.2
23289,328,0.1
23250,328,0.1
23251,328,0.1
23252,328,0.1
23290,328,0.1
23291,328,0.1
23292,328,0.1
23253,328,0.1
23254,328,0.1
23255,328,0.1
13451,328,0.2
13930,328,0.2
13933,328,0.3
13454,328,0.1
23610,328,0.1
23611,328,0.1
23629,328,0.1
23625,328,0.1
23588,328,0.1
23584,328,0.0
13320,328,0.0
13322,328,0.1
13324,328,1.1
13323,328,1.1
13326,328,1.2
13327,328,1.2
13325,328,1.2
13340,328,0.4
13341,328,0.0
07003,328,0.9
07002,328,0.9
11736,328,0.0
11087,328,0.0
11086,328,0.0
11084,328,0.0
11735,328,0.0
11082,328,0.0
11081,328,0.0
11734,328,0.0
11605,328,0.0
11609,328,0.0
11080,328,0.0
43205,328,0.0
43260,328,0.0
43078,328,0.0
14021,328,0.0
14035,328,0.0
14033,328,0.0
43528,328,1.0
14062,328,1.1
14056,328,0.0
14054,328,1.0
14016,328,1.0
14091,328,1.0
14216,328,0.0
14250,328,0.0
14162,328,0.0
14121,328,0.0
14400,328,0.0
14148,328,0.0
14147,328,0.0
14136,328,0.0
14144,328,0.0
14165,328,0.0
14416,328,0.0
14146,328,0.0
14143,328,0.0
14151,328,0.0
14149,328,0.0
14157,328,0.0
14145,328,0.0
14155,328,0.0
14092,328,1.0
14163,328,2.5
14164,328,2.5
14083,328,1.5
14063,328,0.0
14181,328,0.0
14557,328,0.0
14558,328,1.2
43369,328,1.3
14262,328,0.0
14461,328,0.0
44203,328,0.0
14538,328,0.0
14196,328,0.0
14192,328,0.0
14171,328,1.0
14090,328,0.0
14204,328,0.0
14236,328,0.0
14237,328,0.0
14180,328,0.0
14210,328,0.0
14202,328,0.0
14209,328,0.0
14201,328,0.0
14218,328,0.0
14224,328,0.0
14203,328,0.0
14214,328,0.0
14270,328,0.0
43401,328,0.0
14183,328,0.0
14179,328,0.0
14173,328,0.0
14238,328,0.0
43404,328,0.0
14036,328,0.7
14422,328,4.7
14060,328,0.0
14625,328,0.0
14628,328,0.0
14626,328,0.0
14627,328,0.0
14154,328,0.0
14156,328,0.0
14629,328,0.0
14630,328,0.0
14061,328,0.0
14641,328,0.0
14640,328,0.0
14646,328,0.0
14645,328,0.0
14647,328,0.3
14648,328,0.0
14651,328,0.0
14636,328,0.0
14267,328,0.0
14264,328,0.0
42055,328,0.0
43345,328,0.0
14048,328,0.0
14075,328,0.0
14277,328,0.0
14282,328,0.0
14631,328,0.0
14076,328,0.0
14068,328,0.0
14059,328,1.1
14161,328,0.0
14174,328,0.0
14543,328,0.0
14287,328,0.0
14296,328,0.0
14297,328,0.0
14252,328,0.0
14317,328,0.0
14316,328,3.1
14311,328,0.0
14634,328,1.1
14095,328,0.0
14119,328,0.0
14022,328,0.0
14041,328,2.3
14654,328,12.5
14256,328,0.0
14217,328,0.0
14234,328,0.0
14255,328,0.0
14233,328,0.0
14038,328,0.0
14220,328,0.0
14235,328,0.0
14221,328,0.0
14257,328,0.0
14226,328,0.0
14259,328,0.0
14285,328,0.0
14258,328,0.0
14227,328,0.0
14327,328,0.0
14436,328,0.0
14426,328,0.0
14323,328,0.0
14064,328,0.0
14407,328,0.0
14424,328,0.0
14315,328,9.1
14309,328,9.1
14644,328,0.0
14460,328,0.0
14334,328,0.0
14341,328,0.0
14599,328,0.0
14167,328,0.0
14462,328,0.0
14067,328,0.0
14066,328,0.0
14639,328,1.0
14080,328,9.1
14428,328,0.0
14044,328,1.1
14355,328,0.0
14352,328,0.0
14247,328,0.0
14281,328,0.0
14280,328,0.0
14211,328,0.0
14199,328,0.0
14279,328,0.0
14260,328,0.0
14278,328,0.0
14246,328,0.0
14188,328,0.0
14261,328,0.0
14191,328,0.0
14190,328,0.0
14206,328,0.0
14545,328,0.0
14381,328,0.0
14649,328,0.0
14356,328,0.0
14353,328,0.0
14376,328,0.0
14370,328,0.0
14368,328,0.0
14366,328,0.0
14367,328,0.0
14207,328,0.0
14093,328,0.0
14065,328,0.0
14189,328,0.0
14030,328,0.0
14026,328,0.0
14276,328,0.0
14055,328,9.6
14047,328,9.6
14045,328,1.1
14635,328,0.0
14633,328,0.0
14605,328,0.0
14031,328,0.0
14411,328,0.0
14429,328,0.0
14058,328,0.0
14028,328,0.0
14553,328,0.0
14079,328,0.0
14073,328,0.0
14074,328,0.0
18010,328,0.0
18009,328,0.0
18015,328,0.0
18012,328,0.0
18013,328,0.0
17148,328,0.0
17149,328,0.0
09046,328,0.0
09048,328,0.0
09042,328,0.0
09043,328,0.0
07005,328,1.3
09052,328,0.0
09352,328,0.0
09163,328,0.0
09055,328,0.0
09054,328,0.0
09050,328,0.0
09053,328,0.0
07006,328,0.0
07007,328,0.7
07008,328,0.8
42129,328,0.5
42161,328,0.4
07971,328,0.8
07010,328,1.4
07011,328,0.6
11613,328,0.0
09056,328,0.0
09057,328,0.0
07013,328,1.1
07014,328,1.2
18079,328,0.0
18376,328,0.0
18080,328,0.0
18081,328,0.0
18082,328,0.0
18085,328,0.0
18021,328,0.0
28285,328,0.0
18972,328,0.1
28315,328,0.0
18022,328,0.0
18023,328,0.0
18027,328,0.4
18028,328,0.5
18029,328,0.0
18030,328,0.0
28318,328,0.0
28337,328,0.0
18033,328,0.0
28397,328,0.0
18036,328,0.0
28287,328,0.0
18037,328,0.0
18038,328,0.0
18039,328,0.0
18040,328,0.0
18955,328,0.0
28286,328,0.0
18041,328,0.0
18042,328,0.0
18971,328,0.1
18043,328,0.0
18383,328,0.0
18044,328,0.0
18045,328,0.0
18047,328,0.0
18048,328,0.0
18049,328,0.0
18050,328,0.0
18053,328,0.0
18055,328,0.0
18057,328,0.0
18059,328,0.0
18384,328,0.0
28288,328,0.0
18060,328,0.0
18061,328,0.0
18953,328,0.3
18064,328,0.0
18066,328,0.0
18385,328,0.0
28316,328,0.0
28317,328,0.0
18065,328,0.0
18967,328,0.0
18069,328,0.0
18416,328,0.0
18070,328,0.0
18075,328,0.0
18076,328,0.0
18077,328,0.0
18078,328,0.0
09059,328,0.0
43595,328,0.0
43100,328,0.0
18459,328,0.0
16054,328,0.0
16353,328,0.0
16053,328,0.0
16052,328,0.0
11088,328,0.0
11097,328,0.0
11096,328,0.0
11969,328,0.0
11742,328,0.0
11091,328,0.0
11740,328,0.0
11743,328,0.0
11093,328,0.0
11092,328,0.0
11744,328,0.0
11095,328,0.0
11094,328,0.0
11090,328,0.0
11741,328,0.0
07015,328,0.3
11745,328,0.0
11099,328,0.0
11746,328,0.0
11101,328,0.0
11100,328,0.0
11098,328,0.0
20008,328,0.0
20011,328,0.0
20010,328,0.0
20009,328,0.0
20013,328,0.0
20012,328,0.0
11747,328,0.0
11105,328,0.0
11104,328,0.0
22918,328,0.0
01003,328,0.0
43214,328,0.0
04601,328,0.0
04602,328,0.0
01001,328,0.0
01002,328,0.0
01145,328,0.0
11106,328,0.0
11108,328,0.0
11754,328,0.0
11117,328,0.0
11116,328,0.0
11755,328,0.0
11120,328,0.0
11119,328,0.0
11749,328,0.0
11750,328,0.0
11751,328,0.0
11110,328,0.0
43143,328,0.0
11118,328,0.0
43144,328,0.0
11970,328,0.0
11109,328,0.0
11752,328,0.0
11113,328,0.0
11112,328,0.0
11753,328,0.0
11115,328,0.0
11114,328,0.0
18087,328,0.0
18088,328,0.0
18090,328,0.1
18095,328,0.3
18096,328,0.0
18110,328,0.0
18114,328,0.0
18120,328,0.8
18451,328,0.0
18097,328,0.0
18112,328,0.0
18117,328,0.0
18135,328,0.0
18142,328,0.0
18127,328,0.0
28296,328,0.2
18128,328,0.1
28297,328,0.3
18133,328,0.2
18102,328,0.2
18140,328,0.2
18141,328,0.4
18144,328,0.0
06338,328,0.2
06029,328,0.0
31017,328,0.0
10998,328,0.2
10130,328,0.1
19098,328,0.0
19070,328,0.0
19074,328,0.0
19076,328,0.0
19071,328,0.0
43031,328,0.0
19905,328,0.0
19085,328,0.0
19086,328,0.0
19079,328,0.0
19910,328,0.0
19099,328,0.0
19919,328,0.0
19100,328,0.0
19101,328,0.0
19104,328,0.0
19103,328,0.0
43057,328,0.0
19106,328,0.0
19107,328,0.0
43058,328,0.0
19136,328,0.1
19249,328,0.0
19108,328,0.0
19109,328,0.0
19914,328,0.0
19917,328,0.0
19159,328,0.0
42227,328,0.0
19141,328,0.0
42148,328,0.0
19140,328,0.0
19115,328,0.0
19135,328,0.4
42196,328,0.0
19370,328,0.0
19155,328,0.0
19156,328,0.0
19160,328,0.0
42183,328,0.0
19161,328,0.0
19116,328,0.0
19120,328,0.0
19279,328,0.0
19126,328,0.0
19132,328,0.0
19134,328,0.0
19142,328,0.0
19143,328,0.0
19144,328,0.0
19111,328,0.0
19068,328,0.0
19069,328,0.0
19913,328,0.0
19118,328,0.0
43046,328,0.0
19147,328,0.0
19148,328,0.0
19896,328,0.0
19150,328,0.0
19151,328,0.0
19152,328,0.0
19080,328,0.0
19154,328,0.0
19866,328,0.0
19858,328,0.0
19081,328,0.0
19083,328,0.0
19001,328,0.0
19162,328,0.0
19087,328,0.0
02054,328,0.0
09060,328,0.0
14552,328,0.0
14130,328,0.0
11122,328,0.0
16055,328,0.0
11655,328,0.0
11683,328,0.0
11960,328,0.0
11759,328,0.0
11758,328,0.0
11128,328,0.0
11126,328,0.0
11757,328,0.0
11125,328,0.0
11760,328,0.0
11131,328,0.0
11130,328,0.0
11124,328,0.0
11134,328,0.0
11935,328,0.0
11949,328,0.0
11761,328,0.0
11136,328,0.0
11762,328,0.0
11138,328,0.0
11137,328,0.0
11967,328,0.0
11968,328,0.0
11965,328,0.0
11135,328,0.0
11763,328,0.0
11142,328,0.0
11141,328,0.0
11764,328,0.0
11144,328,0.0
11143,328,0.0
11145,328,0.0
43218,328,0.0
08657,328,0.0
08681,328,0.0
08684,328,0.0
08683,328,0.0
08204,328,0.0
43241,328,0.0
42236,328,3.6
08579,328,2.9
08586,328,2.9
08263,328,3.3
08678,328,3.2
08262,328,1.8
08274,328,3.2
08239,328,3.7
08273,328,3.0
08013,328,3.4
08592,328,3.6
08593,328,3.7
08553,328,3.3
08594,328,2.9
08513,328,3.6
08666,328,3.1
08595,328,3.3
08272,328,5.3
08271,328,3.7
08635,328,3.3
08017,328,3.8
08019,328,3.2
08270,328,3.7
08582,328,3.7
08671,328,3.7
08669,328,3.3
08651,328,3.3
08244,328,0.0
08596,328,2.0
08598,328,0.0
08668,328,0.0
08599,328,0.0
08268,328,3.0
08267,328,3.7
08679,328,3.3
08583,328,3.7
08035,328,3.2
08643,328,4.5
08045,328,4.6
08670,328,3.2
08057,328,3.1
08243,328,0.0
08048,328,3.3
08050,328,3.9
08682,328,3.6
08087,328,3.4
08277,328,0.0
08637,328,3.7
08202,328,0.0
08245,328,0.0
08634,328,3.2
08261,328,0.0
08194,328,3.4
08064,328,3.7
08370,328,7.1
08247,328,4.7
08078,328,3.1
08082,328,2.1
08089,328,3.7
08077,328,8.3
08037,328,0.0
08290,328,0.0
08388,328,0.0
08560,328,0.0
08393,328,0.0
08386,328,0.0
08390,328,0.0
08387,328,0.0
08610,328,0.0
08663,328,0.0
08538,328,0.0
08462,328,0.0
08700,328,1.9
08706,328,3.3
08660,328,3.6
08661,328,3.6
08615,328,3.3
08659,328,3.3
08031,328,0.0
08652,328,3.3
08658,328,3.3
08699,328,3.3
08653,328,5.0
08707,328,5.4
08584,328,3.2
08613,328,3.5
08542,328,0.0
08459,328,0.0
08469,328,3.3
08710,328,2.0
08471,328,0.0
08711,328,3.3
08543,328,3.3
08005,328,3.3
08028,328,3.5
08001,328,4.3
08003,328,3.6
08588,328,4.0
08014,328,4.8
08020,328,3.6
08068,328,3.3
08023,328,2.0
08259,328,3.5
08030,328,3.5
08069,328,4.7
08032,328,5.0
08309,328,3.5
08071,328,3.7
08284,328,1.8
08189,328,2.1
08376,328,3.5
08286,328,0.7
08058,328,3.3
08060,328,3.9
08712,328,1.7
08696,328,1.8
08065,328,6.2
08288,328,3.3
08318,328,2.0
08067,328,3.3
08603,328,3.3
08453,328,3.5
08587,328,1.9
08701,328,3.2
08383,328,3.3
08602,328,3.3
08380,328,1.9
08531,328,3.3
08493,328,3.0
08347,328,3.3
08487,328,3.2
08672,328,3.3
08494,328,3.3
08206,328,3.3
08495,328,3.4
08346,328,3.3
08083,328,3.2
08348,328,3.0
08409,328,3.2
08500,328,0.0
08501,328,4.9
08478,328,3.8
08476,328,3.4
08481,328,3.8
08676,328,3.3
08138,328,3.3
08674,328,3.3
08675,328,3.6
08484,328,2.5
08349,328,3.1
08491,328,0.0
08709,328,0.0
08656,328,0.0
08571,328,0.0
43495,328,0.0
08029,328,3.3
42297,328,1.7
08544,328,2.1
08665,328,3.3
08061,328,1.7
08192,328,1.8
08554,328,1.9
08002,328,6.7
08015,328,6.9
08034,328,7.4
08073,328,7.4
08038,328,0.0
08039,328,3.4
42261,328,1.9
42265,328,1.8
08633,328,2.7
43570,328,4.6
08655,328,3.4
42240,328,3.1
08662,328,3.2
08081,328,0.0
08046,328,7.8
43393,328,0.0
08191,328,0.0
08147,328,0.0
08148,328,0.0
08305,328,3.3
08054,328,0.0
08010,328,0.0
08011,328,0.0
08012,328,0.0
08550,328,0.0
08211,328,0.0
08047,328,0.0
08220,328,0.0
08353,328,0.0
08355,328,0.0
08351,328,0.0
08352,328,0.0
08214,328,0.0
08215,328,0.0
08218,328,0.0
08018,328,0.0
08210,328,0.0
08049,328,0.0
08066,328,0.0
08146,328,0.0
08365,328,0.0
08059,328,0.0
08216,328,0.0
08505,328,8.3
08506,328,7.1
08025,328,7.6
08507,328,8.6
08504,328,8.6
08074,328,7.1
08085,328,0.0
08363,328,0.0
08366,328,0.0
08435,328,0.0
42237,328,0.0
43245,328,1.8
08084,328,0.0
08161,328,0.0
08091,328,0.0
08090,328,0.0
08159,328,0.0
08165,328,0.0
08101,328,0.0
08100,328,0.0
08106,328,0.0
08169,328,0.0
08103,328,0.0
08102,328,0.0
08104,328,0.0
08113,328,0.0
08702,328,4.7
08703,328,3.8
08704,328,3.8
08177,328,0.0
08512,328,0.0
08488,328,0.0
08489,328,0.0
08116,328,0.0
08511,328,0.0
08680,328,0.0
08122,328,0.0
08123,328,0.0
08128,328,0.0
08129,328,0.0
08132,328,0.0
08133,328,0.0
08120,328,0.0
08121,328,0.0
08094,328,0.0
08092,328,0.0
08417,328,0.0
08410,328,0.0
08411,328,0.0
08225,328,0.0
08436,328,0.0
08228,328,0.0
08231,328,0.0
08200,328,0.0
08402,328,0.0
08673,328,0.0
08144,328,0.0
11765,328,0.0
11148,328,0.0
11147,328,0.0
11766,328,0.0
11150,328,0.0
11149,328,0.0
44048,328,0.0
01046,328,2.5
01254,328,2.5
01215,328,5.3
01252,328,6.5
42258,328,0.3
19434,328,0.0
01164,328,1.0
01259,328,0.0
43276,328,0.5
01048,328,0.4
01161,328,0.0
43278,328,0.0
01061,328,0.1
01004,328,0.5
01005,328,0.5
01006,328,0.5
01007,328,0.4
01009,328,0.6
01265,328,0.1
01260,328,0.3
01270,328,1.0
01011,328,0.6
01012,328,0.1
01013,328,0.0
01016,328,0.0
42235,328,0.0
43352,328,0.0
43396,328,0.0
01015,328,0.0
01014,328,0.0
43273,328,0.0
01017,328,0.0
01186,328,0.0
43274,328,0.3
01227,328,1.8
01018,328,0.5
01019,328,0.4
01020,328,0.6
01228,328,2.7
01156,328,0.7
01157,328,0.5
01159,328,0.4
01022,328,0.5
01023,328,0.6
01024,328,0.5
01168,328,0.1
01169,328,0.6
01251,328,0.5
01209,328,0.4
01165,328,0.5
01166,328,0.5
01167,328,0.5
01267,328,0.5
01025,328,0.6
42155,328,0.4
01029,328,0.4
01271,328,0.4
43597,328,0.3
42304,328,0.0
01028,328,0.3
01026,328,0.4
01027,328,0.5
01030,328,0.6
42303,328,0.3
01204,328,0.4
01032,328,0.5
01033,328,0.5
43340,328,0.6
01146,328,0.5
01042,328,7.5
43275,328,0.1
01253,328,0.6
42205,328,0.0
43398,328,0.6
01043,328,0.5
01044,328,0.5
43379,328,0.1
01034,328,0.5
01035,328,0.5
01208,328,0.3
01037,328,0.1
01036,328,0.2
01038,328,0.5
01040,328,0.0
43589,328,0.1
43405,328,0.5
01266,328,0.1
01229,328,0.7
18147,328,0.5
07016,328,0.3
09067,328,0.0
09066,328,0.0
09065,328,0.0
09064,328,0.0
09068,328,0.0
09063,328,0.0
09075,328,0.0
09072,328,0.0
09073,328,0.0
09074,328,0.0
09367,328,0.0
09071,328,0.0
09076,328,0.0
09070,328,0.0
09044,328,0.0
19163,328,0.0
43060,328,0.0
05327,328,0.2
07961,328,0.1
05324,328,0.3
22906,328,0.1
22978,328,0.1
05746,328,0.0
05747,328,0.0
05062,328,0.0
05748,328,0.0
05749,328,0.0
05357,328,0.1
05693,328,0.0
05358,328,0.0
05000,328,0.0
05359,328,0.0
05319,328,0.0
05356,328,0.0
05361,328,0.0
05334,328,0.0
05362,328,0.0
05339,328,0.0
05051,328,0.1
05052,328,0.1
05055,328,0.1
05056,328,0.1
05058,328,0.1
05060,328,0.1
05061,328,0.1
05057,328,0.4
05063,328,0.1
05064,328,0.1
05342,328,0.0
05065,328,0.1
05314,328,0.0
05676,328,0.1
05671,328,0.1
05073,328,0.0
05071,328,0.0
05045,328,0.1
05046,328,0.1
05677,328,0.3
05672,328,0.3
05096,328,0.0
05069,328,0.1
05070,328,0.1
05066,328,0.1
05074,328,0.1
05022,328,0.0
05078,328,0.1
05079,328,0.1
05075,328,0.1
05082,328,0.1
05083,328,0.1
05080,328,0.0
05031,328,0.1
05041,328,0.1
05042,328,0.1
05004,328,0.0
05007,328,0.2
05008,328,0.1
05009,328,0.0
05010,328,0.0
05006,328,0.2
05012,328,0.1
05011,328,0.1
05013,328,0.1
05014,328,0.1
05087,328,0.1
05090,328,0.1
05047,328,3.3
05016,328,0.2
05018,328,0.2
05019,328,0.2
05015,328,0.6
05094,328,0.2
05095,328,0.1
05091,328,0.1
05097,328,0.2
05098,328,0.2
05099,328,0.1
05103,328,0.2
05104,328,0.1
05100,328,0.1
05106,328,0.1
05107,328,0.1
05108,328,0.1
05105,328,0.1
05277,328,0.1
05311,328,0.1
05308,328,0.1
05310,328,0.1
05687,328,0.1
05689,328,0.2
05688,328,0.2
05680,328,0.1
05679,328,0.1
05678,328,0.2
05690,328,0.3
05692,328,0.3
05691,328,0.2
05681,328,0.3
05683,328,0.3
05682,328,0.1
05335,328,0.2
05024,328,0.0
05028,328,0.0
05027,328,0.0
43128,328,0.0
43410,328,0.0
22974,328,0.3
05118,328,0.1
05673,328,0.1
05675,328,0.2
05674,328,0.2
05684,328,0.1
05686,328,0.1
05685,328,0.4
05122,328,0.0
16157,328,0.0
16358,328,0.0
16359,328,0.0
16058,328,0.0
16360,328,0.0
16357,328,0.0
16057,328,0.0
16056,328,0.0
11152,328,0.0
11154,328,0.0
11151,328,0.0
03860,328,1.2
03870,328,1.2
03819,328,9.3
03820,328,1.6
22904,328,0.0
16059,328,0.0
22969,328,0.0
22911,328,0.1
11615,328,0.0
11156,328,0.0
19125,328,0.0
07019,328,1.5
11698,328,0.0
11767,328,0.0
11158,328,0.0
11157,328,0.0
18964,328,0.0
09433,328,0.0
19859,328,0.0
19860,328,0.0
19165,328,0.0
19166,328,0.0
18107,328,0.0
18108,328,0.5
11768,328,0.0
11162,328,0.0
11769,328,0.0
11164,328,0.0
11163,328,0.0
11161,328,0.0
28293,328,0.0
28294,328,0.0
28289,328,0.0
28290,328,0.0
28399,328,0.0
28291,328,0.0
18151,328,0.0
28298,328,0.0
18155,328,0.4
28328,328,0.0
18159,328,0.0
18158,328,0.0
18198,328,0.0
28350,328,0.0
28299,328,0.0
18166,328,0.0
18167,328,0.0
18199,328,0.0
18168,328,0.0
18157,328,0.0
28329,328,0.0
28309,328,0.0
18170,328,0.0
18171,328,0.0
18172,328,0.0
28332,328,0.0
18174,328,0.0
18173,328,0.0
28302,328,0.0
18175,328,0.6
28351,328,0.0
18176,328,0.0
28330,328,0.9
18177,328,0.0
28300,328,0.0
18178,328,0.0
18200,328,0.0
28349,328,0.0
18190,328,0.0
18185,328,0.0
28301,328,0.0
18191,328,0.0
18192,328,0.0
28310,328,0.0
28311,328,0.0
18202,328,0.0
18209,328,0.0
18204,328,0.0
18208,328,0.5
18206,328,0.0
18210,328,0.0
28352,328,0.0
18213,328,0.0
18212,328,0.0
11165,328,0.0
20015,328,0.0
22973,328,0.4
20017,328,0.0
20019,328,0.0
20316,328,0.0
20016,328,0.0
20018,328,0.0
20317,328,0.0
20314,328,0.0
20014,328,0.0
11656,328,0.5
11184,328,0.0
35183,328,0.0
11907,328,0.0
11906,328,0.0
11909,328,0.0
11908,328,0.0
11905,328,0.0
11904,328,0.0
11903,328,0.0
11902,328,0.0
11901,328,0.0
11912,328,0.0
11911,328,0.0
11910,328,0.0
11915,328,0.0
11914,328,0.0
11913,328,0.0
11900,328,0.0
11170,328,0.0
11772,328,0.0
11174,328,0.0
11177,328,0.0
11771,328,0.0
11773,328,0.0
11176,328,0.0
11172,328,0.0
11770,328,0.0
11168,328,0.0
11179,328,0.0
11178,328,0.0
11775,328,0.0
11181,328,0.0
11180,328,0.0
11774,328,0.0
11167,328,0.0
20322,328,0.0
20022,328,0.0
20522,328,0.0
20422,328,0.0
20323,328,0.0
20324,328,0.0
20325,328,0.0
20320,328,0.0
20020,328,0.0
20023,328,0.0
20024,328,0.0
20025,328,0.0
11190,328,0.0
20027,328,0.0
20029,328,0.0
20028,328,0.0
11777,328,0.0
11192,328,0.0
11778,328,0.0
11196,328,0.0
11195,328,0.0
11191,328,0.0
16361,328,0.0
16061,328,0.0
16060,328,0.0
16065,328,0.0
16064,328,0.0
16363,328,0.0
16063,328,0.0
16062,328,0.0
11780,328,0.0
11202,328,0.0
11201,328,0.0
11779,328,0.0
11198,328,0.0
11197,328,0.0
18236,328,0.0
18434,328,0.0
18965,328,0.0
18214,328,0.0
18215,328,0.0
28303,328,0.1
18216,328,0.0
28345,328,0.0
18217,328,0.0
18220,328,0.0
18223,328,0.0
28292,328,0.0
18226,328,0.0
18228,328,0.0
18457,328,0.0
18425,328,0.0
18966,328,0.0
28314,328,0.0
18229,328,0.0
18427,328,0.0
18230,328,0.0
18231,328,0.0
28308,328,0.0
28325,328,0.0
28327,328,0.0
18428,328,0.0
18950,328,0.0
18232,328,0.0
28326,328,0.0
18235,328,0.0
18429,328,0.0
18949,328,0.0
09079,328,0.0
09078,328,0.0
09522,328,0.0
14242,328,0.0
14243,328,0.0
43382,328,0.0
09081,328,0.0
18237,328,1.4
18969,328,0.3
01205,328,0.0
01206,328,0.0
42141,328,0.0
01067,328,0.0
01069,328,0.0
42136,328,0.0
01049,328,0.0
01053,328,1.6
01050,328,1.1
01052,328,0.6
01199,328,0.0
01056,328,0.0
01055,328,0.2
01054,328,0.4
42116,328,0.0
42158,328,0.0
42157,328,0.0
11781,328,0.0
11204,328,0.0
11203,328,0.0
18239,328,0.0
18241,328,0.0
18243,328,0.0
15138,328,0.0
15141,328,0.0
15140,328,0.0
15146,328,0.0
15145,328,0.0
15148,328,0.0
15147,328,0.0
15152,328,0.0
15150,328,0.1
15151,328,0.1
15149,328,0.1
11206,328,0.0
11205,328,0.0
09084,328,0.0
09085,328,0.0
11782,328,0.0
11208,328,0.0
11207,328,0.0
18245,328,0.0
18244,328,0.0
18246,328,0.0
18247,328,0.0
09087,328,0.0
09421,328,0.0
01070,328,0.0
01071,328,0.9
01072,328,0.0
01073,328,0.0
02045,328,0.0
27065,328,0.0
27052,328,0.0
11616,328,0.0
21277,328,0.0
21280,328,0.0
18251,328,0.0
18248,328,0.0
18249,328,0.0
18253,328,0.0
18255,328,0.1
18254,328,0.0
18256,328,0.0
43287,328,0.2
04706,328,0.0
11786,328,0.0
11223,328,0.0
11222,328,0.0
11787,328,0.0
11621,328,0.0
11620,328,0.0
05140,328,0.1
05139,328,0.7
05142,328,0.1
05141,328,0.1
01225,328,0.2
32025,328,0.0
07021,328,0.0
11212,328,0.0
19205,328,1.1
19170,328,1.2
01210,328,7.4
22954,328,0.0
22953,328,0.1
22955,328,0.0
01226,328,1.6
01144,328,0.0
01138,328,1.7
01139,328,1.7
01140,328,1.4
01173,328,0.0
01135,328,0.0
01136,328,0.0
01258,328,0.0
01124,328,0.0
01172,328,0.0
01128,328,2.2
01129,328,2.2
01130,328,1.7
01131,328,2.0
01132,328,1.8
01133,328,8.3
01123,328,2.0
01171,328,2.6
01255,328,1.5
01137,328,10.4
01125,328,5.4
01126,328,6.0
01160,328,3.1
01127,328,3.1
01057,328,1.2
11783,328,0.0
11210,328,0.0
43146,328,0.0
11209,328,0.0
43285,328,1.8
11213,328,0.0
18260,328,0.0
18261,328,0.0
18258,328,0.0
18259,328,0.0
18262,328,0.0
18263,328,0.0
18264,328,0.0
18265,328,0.0
28320,328,0.0
18266,328,0.0
18267,328,0.0
11984,328,0.0
11618,328,0.0
11214,328,0.0
16138,328,0.0
21142,328,0.0
21299,328,0.0
21511,328,0.0
21300,328,0.0
21301,328,0.0
21304,328,0.0
21302,328,0.0
21303,328,0.0
21485,328,0.0
21484,328,0.0
21482,328,0.0
21483,328,0.0
21411,328,0.4
21410,328,0.4
21010,328,0.1
21003,328,0.6
21004,328,0.6
21005,328,0.5
21007,328,0.5
21008,328,0.3
21009,328,0.3
21520,328,0.0
21519,328,0.8
21063,328,0.1
21061,328,0.1
21064,328,0.1
21094,328,0.2
21399,328,0.1
21400,328,0.1
21395,328,0.2
21096,328,0.1
21398,328,0.1
21397,328,0.1
21090,328,0.1
21091,328,0.1
21089,328,0.1
21102,328,0.1
21401,328,0.2
21229,328,0.2
21230,328,0.2
21517,328,0.1
21462,328,0.2
21012,328,0.8
21013,328,0.8
21014,328,0.7
21018,328,1.1
21020,328,0.4
21021,328,0.6
21022,328,0.6
21105,328,0.2
21106,328,0.9
21024,328,0.0
21469,328,0.1
21464,328,0.1
21470,328,0.1
21465,328,0.1
21471,328,0.2
21466,328,0.2
21472,328,0.1
21467,328,0.1
21307,328,0.3
21305,328,0.5
21306,328,0.2
21490,328,0.1
21518,328,0.0
21461,328,0.1
21202,328,0.1
21389,328,0.1
21390,328,0.1
21107,328,0.1
21108,328,0.1
21129,328,0.0
21078,328,0.0
21080,328,0.1
21130,328,0.0
21138,328,0.0
21139,328,0.0
21026,328,0.0
21488,328,0.2
21121,328,0.0
21059,328,0.0
21521,328,0.0
21162,328,0.0
21124,328,0.2
21156,328,0.2
21158,328,0.0
21154,328,0.0
21125,328,0.0
21160,328,0.2
21151,328,0.0
21126,328,0.5
21155,328,0.0
21153,328,0.1
21082,328,0.1
21486,328,0.1
21487,328,0.1
21028,328,0.0
01243,328,0.0
04001,328,0.7
04542,328,4.8
04574,328,4.8
04520,328,0.7
04575,328,4.8
11957,328,0.0
09093,328,0.0
09092,328,0.0
09091,328,0.0
09090,328,0.0
09095,328,0.0
09094,328,0.0
09089,328,0.0
11985,328,0.0
06963,328,0.0
04589,328,250.0
04594,328,8.3
15002,328,1.7
15008,328,24.7
15235,328,0.3
15234,328,0.2
15010,328,12.5
15012,328,2.9
15014,328,13.3
15017,328,1.2
15016,328,1.2
15018,328,4.0
15015,328,0.9
15192,328,0.6
15019,328,0.5
15020,328,0.7
15025,328,23.3
15027,328,0.0
15029,328,3.5
15028,328,2.8
15034,328,0.6
15033,328,0.5
15035,328,0.8
15037,328,5.8
15036,328,4.7
15038,328,27.4
15040,328,5.4
15042,328,2.2
15041,328,2.8
15039,328,4.2
15046,328,16.1
15048,328,7.3
15201,328,11.4
15050,328,9.1
83110,328,25.2
15051,328,7.3
15055,328,1.5
15058,328,1.4
15057,328,1.2
15060,328,3.0
15062,328,2.5
15067,328,1.3
15066,328,0.2
15065,328,1.0
15068,328,11.0
15071,328,4.6
15070,328,3.8
15072,328,12.1
15237,328,13.1
15236,328,11.0
15077,328,17.1
15080,328,9.6
15247,328,11.3
15081,328,9.0
15260,328,14.5
15265,328,14.1
15084,328,13.7
15212,328,13.0
15083,328,10.9
15087,328,21.0
15086,328,16.7
15085,328,14.1
15088,328,4.8
15089,328,4.8
15090,328,1.2
15091,328,5.6
15094,328,4.8
15095,328,0.6
15099,328,0.8
15101,328,10.2
15105,328,12.9
15104,328,10.3
15106,328,16.1
15111,328,16.6
15110,328,13.9
15262,328,3.7
15261,328,3.1
15114,328,3.9
15241,328,19.0
15240,328,15.9
15117,328,5.7
15127,328,1.7
15119,328,6.7
15121,328,1.2
15126,328,2.0
15221,328,2.0
15130,328,12.0
15131,328,12.8
15133,328,1.8
15132,328,1.4
43075,328,0.0
18973,328,0.0
25045,328,0.0
25021,328,3.1
25016,328,4.5
25008,328,4.5
25015,328,3.8
25017,328,0.0
25020,328,5.4
25031,328,0.0
07945,328,1.0
42179,328,0.6
07905,328,0.1
07022,328,0.9
07024,328,0.5
43507,328,0.9
07963,328,0.6
07964,328,0.7
42280,328,0.1
07962,328,0.7
43130,328,0.0
07025,328,0.6
80200,328,0.2
19241,328,0.2
19226,328,0.0
19227,328,0.0
19230,328,0.0
19263,328,0.0
43506,328,0.2
42074,328,0.2
19280,328,0.0
19283,328,0.0
43514,328,0.0
43450,328,0.0
43346,328,0.0
19871,328,0.0
42186,328,0.1
42185,328,0.0
42187,328,0.1
19293,328,0.1
19294,328,0.0
09101,328,0.0
09098,328,0.0
09100,328,0.0
09097,328,0.0
09099,328,0.0
09096,328,0.0
09351,328,0.0
09515,328,0.0
09516,328,0.0
09508,328,0.0
09531,328,0.0
09513,328,0.0
09530,328,0.0
09106,328,0.0
09105,328,0.0
09103,328,0.0
09104,328,0.0
09102,328,0.0
09325,328,0.0
19018,328,0.0
11988,328,0.0
17147,328,0.0
17151,328,0.0
17157,328,0.0
17159,328,0.0
17163,328,0.0
17344,328,0.0
17343,328,0.0
17345,328,0.0
17346,328,0.0
17169,328,0.0
17173,328,0.0
17176,328,0.0
17179,328,0.0
17181,328,0.0
17182,328,0.0
17184,328,0.0
18963,328,0.2
11215,328,0.0
19172,328,0.0
19173,328,0.0
19175,328,0.0
19176,328,0.0
19177,328,0.0
31033,328,0.0
11216,328,0.0
28034,328,0.0
05147,328,0.1
11785,328,0.0
11221,328,0.0
11220,328,0.0
11784,328,0.0
11219,328,0.0
11218,328,0.0
42139,328,0.0
09130,328,0.0
09512,328,0.0
09135,328,0.0
11975,328,0.0
11974,328,0.0
09127,328,0.0
09404,328,0.0
09123,328,0.0
09124,328,0.0
09126,328,0.0
09125,328,0.0
09128,328,0.0
09111,328,0.0
09112,328,0.0
09113,328,0.0
09114,328,0.0
09116,328,0.0
09117,328,0.0
09118,328,0.0
09120,328,0.0
09121,328,0.0
09119,328,0.0
09131,328,0.0
09134,328,0.0
09133,328,0.0
09132,328,0.0
06116,328,0.0
06957,328,0.0
06119,328,0.0
06958,328,0.0
06959,328,0.0
06977,328,0.0
06122,328,0.0
06124,328,0.0
06125,328,0.0
05669,328,0.2
05670,328,0.2
05668,328,0.4
05666,328,0.2
05667,328,0.2
05665,328,0.4
05306,328,0.2
05663,328,0.2
05664,328,0.2
05662,328,0.4
05305,328,0.4
09434,328,0.0
09519,328,0.0
09143,328,0.0
09139,328,0.0
42281,328,0.0
07032,328,1.1
07031,328,0.7
07026,328,0.6
07027,328,0.7
07030,328,0.7
07028,328,0.7
07029,328,0.7
07034,328,0.9
11961,328,0.0
20030,328,0.0
20330,328,0.0
19296,328,0.0
07088,328,1.0
02055,328,0.0
22537,328,0.2
22535,328,0.2
22961,328,0.2
16158,328,0.0
16137,328,0.0
18270,328,0.0
16368,328,0.0
16068,328,0.0
16067,328,0.0
11788,328,0.0
11225,328,0.0
11224,328,0.0
01264,328,0.1
01240,328,0.1
18271,328,0.0
18272,328,0.0
01239,328,0.0
01238,328,0.0
01241,328,0.0
01242,328,0.0
01237,328,0.2
01263,328,0.7
01236,328,0.7
19270,328,0.2
19114,328,0.1
19265,328,0.1
43541,328,0.3
19090,328,0.7
19899,328,0.2
19898,328,0.2
19095,328,0.2
19867,328,0.0
19088,328,0.1
19260,328,0.1
19096,328,0.0
19089,328,0.3
42117,328,0.0
03957,328,5.7
03944,328,1.2
03951,328,1.9
03950,328,7.9
03949,328,1.0
03935,328,0.7
03846,328,0.7
03992,328,1.0
03999,328,7.7
03993,328,1.0
33871,328,7.7
03991,328,1.0
03952,328,1.9
03954,328,7.7
03953,328,1.0
03842,328,1.9
03843,328,7.7
03841,328,1.0
03856,328,1.9
03858,328,7.9
03855,328,1.0
03839,328,2.9
03945,328,9.0
03837,328,7.7
03946,328,1.0
03947,328,1.9
03948,328,9.2
03840,328,2.7
03851,328,1.9
03853,328,7.9
03850,328,1.0
33868,328,7.4
03989,328,1.0
33872,328,7.5
03987,328,1.0
33869,328,7.7
03990,328,1.0
33867,328,7.7
03988,328,1.0
03963,328,1.0
03815,328,1.0
03943,328,7.7
03942,328,1.0
03955,328,1.4
03849,328,9.8
33866,328,7.5
03981,328,1.0
03982,328,1.0
33870,328,7.0
03980,328,7.8
03827,328,7.8
03830,328,1.9
03868,328,1.0
03869,328,7.8
03818,328,2.0
03825,328,1.0
03832,328,1.0
03812,328,2.0
03808,328,7.8
03809,328,7.8
03806,328,1.0
03983,328,0.8
03838,328,6.3
33873,328,6.3
03844,328,1.6
03845,328,0.8
03816,328,1.6
03814,328,6.3
03813,328,0.8
03984,328,3.9
33874,328,3.9
03985,328,3.9
33875,328,3.9
33864,328,1.0
33863,328,7.5
33865,328,1.0
33877,328,7.5
33876,328,1.2
33862,328,9.5
03986,328,1.2
03852,328,7.5
03854,328,1.9
03826,328,7.5
03805,328,7.8
03803,328,1.0
03929,328,7.1
03861,328,7.1
03864,328,1.0
03821,328,7.0
03822,328,0.9
03857,328,1.0
03824,328,1.9
03823,328,1.0
03930,328,1.0
03901,328,2.0
03913,328,7.7
03900,328,1.1
03926,328,2.0
03928,328,7.7
03925,328,1.0
03867,328,7.5
03966,328,2.0
03859,328,1.0
03961,328,1.1
03960,328,1.1
03801,328,1.9
03802,328,7.7
03800,328,1.1
03937,328,1.9
03938,328,7.6
03936,328,0.9
03940,328,2.1
03941,328,7.6
03939,328,0.9
19297,328,0.0
19719,328,0.0
43028,328,0.0
19300,328,0.0
43027,328,0.0
44110,328,0.0
43497,328,0.0
11226,328,0.0
11228,328,0.0
09443,328,0.0
09444,328,0.0
11789,328,0.0
11232,328,0.0
11231,328,0.0
11790,328,0.0
11234,328,0.0
11791,328,0.0
11236,328,0.0
11235,328,0.0
11233,328,0.0
11792,328,0.0
11623,328,0.0
11622,328,0.0
11237,328,0.0
22996,328,0.0
18978,328,0.0
22980,328,0.0
22981,328,0.0
18982,328,0.0
18980,328,0.0
22989,328,0.0
22982,328,0.0
22990,328,0.0
22991,328,0.0
18976,328,0.0
18981,328,0.0
28039,328,0.0
18974,328,0.0
28041,328,0.0
18975,328,0.0
28017,328,0.0
28020,328,0.0
18977,328,0.0
28114,328,0.1
28119,328,0.0
28122,328,0.1
28052,328,0.2
28055,328,0.3
28061,328,0.0
28064,328,0.0
28066,328,0.0
28080,328,0.0
28086,328,0.0
28100,328,0.0
28087,328,0.1
28088,328,0.0
28091,328,0.0
28092,328,0.0
28093,328,0.0
28125,328,0.2
28128,328,0.0
28267,328,0.2
28134,328,0.0
28149,328,0.0
28139,328,0.0
28140,328,0.0
28143,328,0.0
28148,328,0.0
18992,328,0.0
28005,328,0.0
28006,328,0.0
28162,328,0.0
28259,328,0.0
28016,328,0.0
28022,328,0.0
18995,328,0.0
18996,328,0.0
28012,328,0.1
28013,328,0.1
18997,328,0.1
18998,328,0.1
18999,328,0.1
28000,328,0.1
28001,328,0.0
28002,328,0.0
28018,328,0.0
28019,328,0.0
18506,328,0.0
28021,328,0.0
28003,328,0.0
28004,328,0.0
28025,328,0.0
28026,328,0.0
28007,328,0.0
28008,328,0.0
28009,328,0.1
28010,328,0.1
28260,328,0.1
28011,328,0.1
28014,328,0.1
28015,328,0.1
18505,328,0.1
28024,328,0.1
28183,328,0.0
28185,328,0.0
28165,328,0.0
28163,328,0.0
28164,328,0.0
28167,328,0.0
28168,328,0.0
28169,328,0.0
28170,328,0.0
28171,328,0.0
28172,328,0.0
28173,328,0.0
28174,328,0.0
28175,328,0.0
28176,328,0.0
28177,328,0.0
28192,328,0.0
28178,328,0.0
28179,328,0.0
28180,328,0.0
28181,328,0.0
28182,328,0.0
28193,328,0.0
28023,328,0.0
28186,328,0.0
28187,328,0.0
28188,328,0.0
28189,328,0.0
28191,328,0.0
18499,328,0.0
07968,328,0.9
07969,328,0.2
07970,328,0.7
09148,328,0.0
09520,328,0.0
07038,328,1.1
11793,328,0.0
11242,328,0.0
11241,328,0.0
09149,328,0.0
17449,328,0.0
17453,328,0.0
17454,328,0.0
17439,328,0.0
17444,328,0.0
17455,328,0.0
17456,328,0.0
17440,328,0.0
17441,328,0.0
17457,328,0.0
17458,328,0.0
17445,328,0.0
17446,328,0.0
17463,328,0.0
17448,328,0.0
17462,328,0.0
17447,328,0.0
17315,328,0.0
17317,328,0.0
17464,328,0.0
17461,328,0.0
17314,328,0.0
17316,328,0.0
17459,328,0.0
17460,328,0.0
17443,328,0.0
17006,328,0.1
17002,328,0.1
17060,328,0.1
17008,328,0.1
17012,328,0.1
17014,328,0.1
17024,328,0.1
17025,328,0.1
17027,328,0.1
17030,328,0.1
17033,328,0.1
17053,328,0.1
17038,328,0.1
17035,328,0.1
17041,328,0.1
17042,328,0.1
17039,328,0.1
17225,328,0.1
17224,328,0.1
17357,328,0.0
17358,328,0.0
17359,328,0.0
17360,328,0.0
17361,328,0.0
17363,328,0.0
17401,328,0.1
17402,328,0.1
17365,328,0.0
17366,328,0.0
17069,328,0.1
17068,328,0.0
17071,328,0.0
17070,328,0.0
17077,328,0.1
17370,328,0.0
17371,328,0.0
17372,328,0.1
17373,328,0.0
17403,328,0.1
17404,328,0.1
17390,328,0.0
17391,328,0.0
17364,328,0.2
17367,328,0.1
17405,328,0.0
17072,328,0.0
17400,328,0.0
17074,328,0.0
17368,328,0.0
17369,328,0.0
17406,328,0.1
17076,328,0.1
17398,328,0.1
17078,328,0.0
17407,328,0.1
17408,328,0.1
17386,328,0.0
17387,328,0.0
17409,328,0.0
17410,328,0.0
17388,328,0.0
17389,328,0.0
17411,328,0.1
17412,328,0.0
17393,328,0.0
17392,328,0.0
17413,328,0.1
17414,328,0.1
17394,328,0.1
17395,328,0.0
17419,328,0.1
17420,328,0.1
17396,328,0.1
17397,328,0.1
17081,328,0.0
17080,328,0.0
17083,328,0.0
17082,328,0.0
17415,328,0.2
17416,328,0.1
17382,328,0.2
17383,328,0.1
17417,328,0.1
17084,328,0.2
17399,328,0.1
17086,328,0.2
17374,328,0.2
17375,328,0.1
17418,328,0.0
17423,328,0.0
17384,328,0.0
17385,328,0.0
17376,328,0.0
17377,328,0.0
17378,328,0.3
17379,328,0.1
17421,328,0.0
17422,328,0.0
17380,328,0.0
17381,328,0.0
11794,328,0.0
11245,328,0.0
04002,328,2.5
22916,328,0.0
22977,328,0.0
22910,328,0.0
32019,328,0.0
22956,328,0.0
22962,328,0.2
18369,328,0.0
18370,328,0.0
18371,328,0.0
18372,328,0.0
18373,328,0.0
18375,328,0.0
18374,328,0.0
07039,328,0.3
11795,328,0.0
11247,328,0.0
11246,328,0.0
11624,328,0.0
11972,328,0.0
09153,328,0.0
09154,328,0.0
09152,328,0.0
09156,328,0.0
14292,328,0.0
14288,328,0.0
09150,328,0.0
16370,328,0.0
16070,328,0.0
16144,328,0.0
16069,328,0.0
11248,328,0.0
11250,328,0.0
11251,328,0.0
11253,328,0.0
11252,328,0.0
11257,328,0.0
21413,328,0.0
21412,328,0.0
11715,328,0.0
11033,328,0.0
11714,328,0.0
11032,328,0.0
11716,328,0.0
11040,328,0.0
11039,328,0.0
11717,328,0.0
11038,328,0.0
11037,328,0.0
11031,328,0.0
16073,328,0.0
16372,328,0.0
16072,328,0.0
16071,328,0.0
16375,328,0.0
16075,328,0.0
16074,328,0.0
09161,328,0.0
09160,328,0.0
09159,328,0.0
09165,328,0.0
09164,328,0.0
21287,328,0.0
21288,328,0.0
09167,328,0.0
11796,328,0.0
11255,328,0.0
11254,328,0.0
07909,328,0.6
07908,328,0.6
07045,328,0.5
07906,328,0.6
43131,328,0.0
16377,328,0.0
16077,328,0.0
16076,328,0.0
07060,328,0.7
22959,328,0.0
32004,328,0.0
22247,328,0.0
22970,328,0.0
32014,328,0.0
32016,328,0.0
20106,328,0.0
20105,328,0.0
11986,328,0.0
14305,328,0.0
09436,328,0.0
09176,328,0.0
09177,328,0.0
09328,328,0.0
04665,328,0.0
04610,328,0.0
04691,328,10.7
04617,328,0.0
04696,328,10.7
04611,328,0.0
04692,328,10.7
04618,328,0.0
04626,328,0.0
04627,328,0.0
04695,328,10.7
42307,328,0.3
04585,328,0.0
04633,328,0.0
04634,328,0.0
04612,328,0.0
04693,328,10.7
04614,328,0.0
04620,328,0.0
04697,328,10.7
04613,328,0.0
04694,328,10.7
04690,328,10.7
04624,328,0.0
04631,328,0.0
42256,328,0.0
04128,328,0.0
42309,328,0.0
04600,328,0.0
19303,328,0.0
43598,328,0.0
43355,328,0.0
42178,328,0.0
04708,328,0.0
42138,328,0.0
21346,328,0.0
21348,328,0.0
04606,328,2.5
16106,328,0.0
07972,328,0.1
43132,328,0.0
09185,328,0.0
09181,328,0.0
09183,328,0.0
09184,328,0.0
08510,328,1.7
01244,328,0.1
42131,328,0.0
01110,328,1.0
01111,328,1.2
01094,328,0.5
01088,328,0.0
42189,328,0.0
01230,328,1.3
01095,328,0.2
01097,328,2.0
01096,328,2.0
01214,328,0.1
01105,328,1.1
01103,328,1.2
01102,328,1.3
01104,328,1.1
01092,328,11.0
01155,328,0.0
01154,328,11.0
01091,328,0.0
01090,328,10.5
01212,328,0.5
01291,328,4.0
01060,328,0.0
01175,328,0.0
42290,328,1.2
01106,328,1.3
01107,328,0.1
43543,328,1.1
01089,328,1.3
01084,328,1.0
01083,328,1.0
01082,328,1.2
01087,328,1.0
01086,328,1.2
01085,328,1.2
01151,328,0.0
01081,328,1.0
01080,328,1.0
01079,328,1.2
01174,328,0.0
01077,328,1.3
01211,328,0.1
20032,328,0.0
43483,328,0.0
20031,328,0.0
16112,328,0.0
19304,328,0.0
15155,328,0.0
15160,328,0.1
15162,328,0.0
15157,328,0.0
15250,328,0.0
15164,328,0.0
15230,328,0.0
15166,328,0.0
15170,328,0.0
15244,328,0.0
15169,328,0.0
15167,328,0.0
90240,328,0.0
15172,328,0.0
90560,328,0.0
15175,328,0.0
15177,328,0.0
16538,328,0.0
16588,328,0.0
16606,328,0.0
16600,328,0.0
07050,328,1.0
16379,328,0.0
16079,328,0.0
16078,328,0.0
07061,328,1.0
28206,328,0.0
11927,328,0.0
11259,328,0.0
11258,328,0.0
18940,328,0.1
18274,328,0.1
18277,328,0.0
18386,328,0.0
18279,328,0.0
18283,328,0.0
09190,328,0.0
16381,328,0.0
16081,328,0.0
16080,328,0.0
11718,328,0.0
11044,328,0.0
11045,328,0.0
11043,328,0.0
16384,328,0.0
16084,328,0.0
16083,328,0.0
28211,328,0.1
28221,328,0.2
28277,328,0.3
11938,328,26.2
11936,328,31.9
11266,328,0.1
11264,328,0.2
11239,328,5.3
11950,328,0.1
11993,328,28.1
11240,328,5.1
11987,328,0.7
11939,328,13.1
11998,328,28.4
11243,328,0.3
11265,328,0.3
11798,328,0.7
11269,328,0.7
11268,328,3.9
11238,328,0.4
11267,328,0.5
11797,328,0.2
11261,328,0.2
11260,328,0.2
11263,328,0.2
11799,328,0.0
11271,328,0.0
11800,328,0.0
11273,328,0.0
11272,328,0.0
11270,328,0.0
11801,328,0.0
11275,328,0.0
11274,328,0.0
02046,328,0.0
16113,328,0.0
09191,328,0.0
11802,328,0.0
11277,328,0.0
11276,328,0.0
16082,328,0.0
20113,328,0.0
20109,328,0.3
20409,328,0.3
20110,328,0.1
20112,328,0.1
20410,328,0.1
20118,328,0.0
20115,328,0.0
20114,328,0.0
20117,328,0.0
20116,328,0.0
11964,328,0.0
11963,328,0.0
01250,328,1.1
12695,328,0.0
12195,328,0.0
12071,328,0.0
12061,328,0.0
12062,328,0.0
12563,328,0.0
12063,328,0.0
12206,328,0.0
12565,328,0.0
12065,328,0.0
12078,328,0.0
12084,328,0.0
12588,328,0.0
12088,328,0.0
12585,328,0.0
12085,328,0.0
12586,328,0.0
12086,328,0.0
12087,328,0.0
12095,328,0.0
12094,328,0.0
12093,328,0.0
12096,328,0.0
12101,328,0.0
12100,328,0.0
12099,328,0.0
12098,328,0.0
12097,328,0.0
12167,328,0.0
12203,328,0.0
12175,328,0.0
12202,328,0.0
12204,328,0.0
12116,328,0.0
12115,328,0.0
12177,328,0.0
12108,328,0.0
12110,328,0.0
12109,328,0.0
12179,328,0.0
12114,328,0.0
12104,328,0.0
12118,328,0.0
12176,328,0.0
12117,328,0.0
12119,328,0.0
12200,328,0.0
12140,328,0.0
12129,328,0.0
12128,328,0.0
12127,328,0.0
12120,328,0.0
12121,328,0.0
12122,328,0.0
12130,328,0.0
12632,328,0.0
12132,328,0.0
12131,328,0.0
12635,328,0.0
12135,328,0.0
12737,328,0.0
12637,328,0.0
12137,328,0.0
12738,328,0.0
12638,328,0.0
12138,328,0.0
12142,328,0.0
12643,328,0.0
12143,328,0.0
12644,328,0.0
12144,328,0.0
12147,328,0.0
12149,328,0.0
12652,328,0.0
12152,328,0.0
12151,328,0.0
12154,328,0.0
12157,328,0.0
12155,328,0.0
20034,328,0.0
20033,328,0.0
20132,328,0.0
20038,328,0.0
04529,328,0.0
04582,328,0.0
04047,328,0.0
42289,328,0.0
04518,328,0.0
44005,328,0.0
04502,328,0.0
42231,328,0.0
04698,328,0.0
04659,328,0.0
04702,328,0.0
04652,328,0.0
04654,328,0.0
04651,328,0.0
04701,328,0.0
04699,328,0.0
04700,328,0.0
04053,328,0.0
04679,328,0.0
04042,328,0.0
04511,328,0.0
04058,328,0.0
04531,328,0.0
04044,328,0.0
04034,328,0.0
04543,328,0.0
04584,328,0.0
04506,328,0.0
04678,328,0.0
04528,328,0.0
04038,328,0.0
16130,328,0.0
11803,328,0.0
11279,328,0.0
11804,328,0.0
11281,328,0.0
11280,328,0.0
11278,328,0.0
07051,328,1.1
09195,328,0.0
09194,328,0.0
09193,328,0.0
11296,328,0.0
11295,328,0.0
11285,328,0.0
11805,328,0.0
11283,328,0.0
11284,328,0.0
11806,328,0.0
11288,328,0.0
11287,328,0.0
11807,328,0.0
11290,328,0.0
11289,328,0.0
11282,328,0.0
11291,328,0.0
11294,328,0.0
11286,328,0.0
11292,328,0.0
09207,328,0.0
09209,328,0.0
09211,328,0.0
09210,328,1.0
09506,328,1.0
09215,328,0.0
09212,328,0.0
09214,328,0.0
09213,328,0.0
09206,328,0.0
09452,328,0.0
09217,328,0.0
09200,328,0.0
09201,328,0.0
09203,328,0.0
09202,328,0.0
07201,328,0.8
07207,328,1.1
07230,328,1.6
07241,328,0.6
05642,328,0.1
18288,328,0.0
18295,328,0.0
28347,328,0.0
18291,328,0.0
28323,328,0.0
28305,328,0.1
28324,328,0.0
21283,328,0.0
21284,328,0.0
09229,328,0.0
09226,328,0.0
01185,328,0.0
11625,328,0.0
11297,328,0.0
11808,328,0.0
11299,328,0.0
11298,328,0.0
09232,328,0.0
09233,328,0.0
09231,328,0.0
32009,328,0.0
32008,328,0.0
32010,328,0.0
22522,328,0.4
22914,328,0.0
20321,328,0.0
20121,328,0.0
20521,328,0.0
20421,328,0.0
20120,328,0.0
20420,328,0.0
20654,328,0.0
20657,328,0.0
20655,328,0.0
20125,328,0.0
20124,328,0.0
07052,328,0.2
07053,328,0.0
09407,328,0.0
09251,328,0.0
09242,328,0.0
09239,328,0.0
09241,328,0.0
09370,328,0.0
09238,328,0.0
09240,328,0.0
09237,328,0.0
09245,328,0.0
09244,328,0.0
09248,328,0.0
09247,328,0.0
09246,328,0.0
09250,328,0.0
09243,328,0.0
09236,328,0.0
16097,328,0.0
16397,328,0.0
16156,328,0.0
42291,328,0.0
16098,328,0.0
16398,328,0.0
16150,328,0.0
16155,328,0.0
16099,328,0.0
16100,328,0.0
16149,328,0.0
16088,328,0.0
16090,328,0.0
16390,328,0.0
16089,328,0.0
16389,328,0.0
16087,328,0.0
16092,328,0.0
16392,328,0.0
16091,328,0.0
16094,328,0.0
16394,328,0.0
16093,328,0.0
16096,328,0.0
16396,328,0.0
16095,328,0.0
09408,328,0.0
09262,328,0.0
09340,328,0.0
09258,328,0.0
09255,328,0.0
09257,328,0.0
09374,328,0.0
09254,328,0.0
09256,328,0.0
09253,328,0.0
09261,328,0.0
09260,328,0.0
09259,328,0.0
09252,328,0.0
11816,328,0.0
11318,328,0.0
11817,328,0.0
11323,328,0.0
11322,328,0.0
11324,328,0.0
11818,328,0.0
11327,328,0.0
11326,328,0.0
11301,328,0.0
11809,328,0.0
11810,328,0.0
11303,328,0.0
11302,328,0.0
11300,328,0.0
11308,328,0.0
11311,328,0.0
11813,328,0.0
11812,328,0.0
11306,328,0.0
11310,328,0.0
11811,328,0.0
11305,328,0.0
11814,328,0.0
11313,328,0.0
11312,328,0.0
11304,328,0.0
16085,328,0.0
11316,328,0.0
16386,328,0.0
16086,328,0.0
11230,328,0.0
11976,328,0.0
07056,328,0.8
02064,328,0.0
07057,328,1.3
11978,328,0.0
11980,328,0.0
11962,328,0.0
11329,328,0.0
11670,328,0.0
11820,328,0.0
11819,328,0.0
31034,328,0.0
11981,328,0.0
11632,328,0.0
11979,328,0.0
11982,328,0.0
11977,328,0.0
11335,328,0.0
11822,328,0.0
11334,328,0.0
11634,328,0.0
11825,328,0.0
11337,328,0.0
11333,328,0.0
11339,328,0.0
11916,328,0.0
11824,328,0.0
11823,328,0.0
11931,328,0.0
11919,328,0.0
11918,328,0.0
11917,328,0.0
11821,328,0.0
11921,328,0.0
11951,328,0.0
09264,328,0.0
09263,328,0.0
43283,328,0.2
18338,328,0.0
07058,328,0.8
11958,328,0.0
11944,328,0.0
11945,328,0.0
11983,328,0.0
11937,328,0.0
11947,328,0.0
11941,328,0.0
11946,328,0.0
11940,328,0.0
11948,328,0.0
07062,328,1.2
18943,328,0.0
18942,328,0.0
18401,328,0.5
18334,328,0.0
18335,328,0.0
18402,328,0.0
19312,328,0.0
44158,328,0.0
19314,328,0.0
43098,328,0.0
18301,328,0.0
18304,328,0.8
18305,328,0.0
18308,328,0.0
18310,328,0.1
18313,328,0.2
18317,328,0.8
18319,328,0.0
18320,328,0.2
18322,328,0.0
18323,328,0.0
18324,328,0.1
18326,328,0.1
18328,328,1.2
16402,328,0.0
16102,328,0.0
16101,328,0.0
11826,328,0.0
11345,328,0.0
11344,328,0.0
11943,328,0.0
09409,328,0.0
09273,328,0.0
09510,328,0.0
09275,328,0.0
09274,328,0.0
09271,328,0.0
09270,328,0.0
09354,328,0.0
09268,328,0.0
09269,328,0.0
09267,328,0.0
09272,328,0.0
09266,328,0.0
09430,328,0.0
09429,328,0.0
21293,328,0.0
21294,328,0.0
21296,328,0.0
21297,328,0.0
32012,328,0.0
21224,328,0.0
21225,328,0.0
21505,328,0.0
21226,328,0.0
21227,328,0.0
22902,328,0.0
22903,328,0.0
09278,328,0.0
09277,328,0.0
09379,328,0.0
09285,328,0.0
09284,328,0.0
09282,328,0.0
09283,328,0.0
09281,328,0.0
09293,328,0.0
09292,328,0.0
09291,328,0.0
09279,328,0.0
11349,328,0.0
11827,328,0.0
11351,328,0.0
11350,328,0.0
09442,328,0.0
09286,328,0.0
43572,328,0.0
25026,328,0.0
19436,328,0.0
07065,328,0.7
10981,328,1.2
10980,328,0.9
42190,328,0.9
07064,328,1.4
07953,328,1.0
07967,328,1.2
07966,328,1.4
07965,328,0.4
07063,328,1.4
07978,328,0.8
43378,328,1.0
10862,328,0.4
10123,328,0.4
10132,328,0.4
10916,328,0.9
10878,328,0.9
10917,328,0.7
10909,328,0.6
10879,328,0.7
10880,328,0.6
10921,328,0.9
10870,328,0.9
10922,328,0.7
10905,328,0.6
10871,328,0.7
10872,328,0.6
10926,328,0.9
10882,328,0.9
10927,328,0.8
10901,328,0.7
10893,328,0.6
10876,328,0.8
10928,328,0.8
10900,328,0.6
10883,328,0.8
10884,328,0.6
10134,328,0.8
10183,328,0.8
10182,328,0.6
43327,328,0.8
43325,328,0.8
10136,328,0.8
10141,328,0.9
10137,328,2.3
10185,328,0.7
10184,328,0.6
43326,328,0.8
10929,328,0.8
10894,328,1.9
10895,328,1.2
10935,328,1.0
10933,328,0.9
10937,328,1.0
10899,328,1.1
10153,328,0.9
10152,328,0.7
10165,328,0.2
10166,328,0.2
10168,328,0.7
10169,328,0.9
10004,328,3.1
10193,328,1.2
10192,328,1.1
10988,328,0.7
10000,328,1.5
10003,328,0.7
10093,328,0.8
10002,328,0.5
10188,328,0.9
10227,328,0.9
10226,328,0.5
10944,328,0.2
10220,328,0.5
10013,328,0.4
10012,328,0.5
10015,328,0.3
10014,328,0.3
10017,328,0.6
10016,328,0.5
10019,328,0.4
10018,328,0.3
10009,328,0.8
10008,328,0.5
10011,328,0.9
10010,328,0.6
10028,328,0.7
10032,328,0.6
10989,328,0.5
10982,328,0.4
10029,328,1.0
10030,328,1.0
10178,328,0.7
10033,328,0.9
10034,328,0.9
10120,328,0.6
10984,328,0.6
10031,328,0.9
10035,328,0.8
10990,328,0.5
10983,328,0.5
10037,328,0.8
10038,328,0.8
10179,328,0.6
10036,328,0.5
10041,328,0.7
10042,328,0.7
10176,328,0.5
10040,328,0.4
10189,328,0.3
10164,328,0.3
10163,328,0.7
10094,328,0.6
10039,328,0.6
10043,328,0.5
10044,328,0.7
10048,328,0.5
10194,328,1.4
10199,328,0.6
10045,328,0.9
10046,328,0.9
10180,328,0.7
10049,328,0.8
10050,328,0.8
10177,328,0.5
10197,328,0.9
10200,328,0.9
10202,328,0.6
10047,328,0.7
10051,328,0.6
10198,328,1.1
10203,328,0.7
10992,328,1.2
10206,328,1.8
10991,328,1.2
10993,328,0.9
10205,328,1.3
10204,328,0.7
10986,328,1.1
10209,328,1.1
10985,328,1.1
10987,328,0.7
10208,328,1.2
10207,328,0.5
10052,328,0.5
10056,328,0.4
10210,328,0.4
10214,328,0.4
10053,328,0.6
10054,328,1.0
10057,328,0.4
10058,328,1.0
10211,328,0.4
10212,328,0.7
10215,328,0.4
10216,328,0.6
10055,328,0.7
10059,328,0.7
10213,328,0.6
10217,328,0.6
10222,328,0.3
10218,328,0.3
10952,328,0.2
10951,328,0.2
10061,328,0.2
10060,328,0.2
10943,328,0.2
10063,328,1.0
10064,328,0.1
10186,328,0.6
10062,328,0.4
10950,328,0.6
10949,328,0.3
10067,328,0.9
10068,328,0.6
10181,328,0.5
10066,328,0.3
10947,328,0.6
10948,328,0.3
10065,328,0.5
10224,328,0.5
10069,328,0.4
10225,328,0.4
10021,328,1.2
10022,328,1.3
10023,328,1.0
10020,328,0.5
10025,328,0.8
10026,328,0.9
10027,328,0.7
10024,328,0.5
10007,328,1.8
10006,328,1.7
10081,328,1.2
10080,328,0.7
10954,328,1.1
10953,328,0.5
10085,328,1.1
10084,328,0.6
10945,328,1.0
10946,328,0.5
10075,328,1.1
10074,328,0.8
10078,328,1.0
10079,328,0.9
10077,328,0.6
10083,328,1.3
10087,328,1.0
10082,328,1.6
10086,328,1.2
10071,328,1.5
10070,328,1.7
10073,328,1.0
10089,328,2.6
10940,328,2.2
10088,328,2.3
10099,328,0.0
10173,328,0.0
10119,328,0.0
10974,328,0.8
10977,328,0.8
10975,328,0.5
10978,328,0.5
10972,328,0.4
10976,328,0.2
10979,328,0.2
10973,328,0.1
19823,328,0.0
11413,328,0.0
11672,328,0.3
11399,328,0.0
11398,328,0.0
22971,328,0.1
11414,328,0.0
06969,328,0.0
11385,328,0.0
11384,328,0.0
11373,328,0.0
11843,328,0.0
11828,328,0.0
11674,328,0.0
11829,328,0.0
11363,328,0.0
11830,328,0.0
11364,328,0.0
11831,328,0.0
11365,328,0.0
11832,328,0.0
11366,328,0.0
11833,328,0.0
11367,328,0.0
11376,328,0.0
43311,328,0.0
11374,328,0.0
11352,328,0.0
11403,328,0.0
11402,328,0.0
11842,328,0.0
11841,328,0.0
11406,328,0.0
11407,328,0.0
11359,328,0.0
11360,328,0.0
11394,328,0.0
11395,328,0.0
11411,328,0.0
11412,328,0.0
11840,328,0.0
11409,328,0.0
11408,328,0.0
11400,328,0.0
11391,328,0.0
11390,328,0.0
11392,328,0.0
11370,328,0.0
31022,328,0.0
31021,328,0.0
11378,328,0.0
11382,328,0.0
11380,328,0.0
11379,328,0.3
11930,328,0.0
11383,328,0.3
11381,328,0.0
11657,328,0.2
11934,328,0.2
11371,328,0.2
11929,328,0.0
31036,328,0.1
11675,328,0.0
11835,328,0.0
11368,328,0.0
11369,328,0.0
11834,328,0.0
11836,328,0.0
11671,328,0.0
11362,328,0.0
11358,328,0.0
11355,328,0.0
11356,328,0.0
11353,328,0.0
11387,328,0.0
11386,328,0.0
11372,328,0.0
11844,328,0.0
11357,328,0.0
11354,328,0.0
32013,328,0.2
07067,328,0.2
43109,328,0.0
25024,328,0.0
01224,328,7.0
01223,328,5.0
09294,328,0.0
09288,328,0.0
09290,328,0.0
09289,328,0.0
44260,328,0.0
44259,328,0.0
19121,328,0.8
19319,328,1.1
19122,328,0.9
19321,328,1.1
44061,328,0.0
44258,328,0.0
19184,328,0.0
19123,328,0.8
19188,328,0.0
19190,328,1.0
19189,328,1.1
19183,328,0.0
19235,328,0.0
19322,328,0.0
19324,328,0.0
19204,328,0.8
19208,328,0.8
19195,328,0.8
19193,328,0.0
19198,328,0.0
19209,328,0.9
19199,328,0.9
19218,328,0.0
19234,328,0.0
19202,328,0.0
19206,328,0.0
19212,328,0.9
19207,328,1.1
19201,328,0.0
19233,328,0.0
18211,328,0.0
22972,328,0.2
11417,328,0.0
11416,328,0.0
11848,328,0.0
11419,328,0.0
11418,328,0.0
11426,328,0.0
11846,328,0.0
11424,328,0.0
11845,328,0.0
11423,328,0.0
11847,328,0.0
11422,328,0.0
11849,328,0.0
11428,328,0.0
11427,328,0.0
43282,328,0.2
20137,328,0.0
20035,328,0.0
11952,328,0.0
11676,328,0.0
43142,328,0.0
11850,328,0.0
11431,328,0.0
11432,328,0.0
11430,328,0.0
11429,328,0.0
11637,328,0.0
09297,328,0.0
09299,328,0.0
09298,328,0.0
09304,328,0.0
09306,328,0.0
09518,328,0.0
09302,328,0.0
22976,328,0.1
22899,328,0.0
22900,328,0.0
01200,328,0.0
16172,328,0.0
16103,328,0.0
16403,328,0.0
36603,328,0.1
36626,328,0.0
36602,328,0.0
36618,328,0.2
36619,328,0.0
36617,328,0.1
36629,328,0.1
36633,328,0.1
36621,328,0.2
36624,328,0.0
36625,328,0.1
36037,328,0.0
36035,328,0.0
36033,328,0.4
36012,328,0.2
36017,328,0.1
36016,328,0.0
36041,328,0.0
36403,328,0.2
36409,328,1.2
36410,328,0.7
36411,328,0.4
36412,328,0.3
36418,328,0.0
36417,328,0.0
09310,328,0.0
09309,328,0.0
09307,328,0.0
32000,328,0.0
22998,328,0.0
32002,328,0.0
08546,328,0.0
22958,328,0.0
20060,328,0.0
42204,328,0.0
20090,328,0.0
20061,328,0.0
32024,328,0.0
32029,328,0.0
20134,328,0.0
20133,328,0.0
20037,328,0.0
20036,328,0.0
20041,328,0.0
20040,328,0.0
20042,328,0.0
20055,328,0.0
20054,328,0.0
20047,328,0.0
20046,328,0.0
20447,328,0.0
20446,328,0.0
20048,328,0.0
20049,328,0.0
20345,328,0.0
20545,328,0.0
20045,328,0.0
20044,328,0.0
20444,328,0.0
20445,328,0.0
20451,328,0.0
20051,328,0.0
20050,328,0.0
20450,328,0.0
20453,328,0.0
20053,328,0.0
20052,328,0.0
20452,328,0.0
07043,328,0.0
18344,328,0.0
18345,328,0.0
18342,328,0.0
18346,328,0.0
28348,328,0.0
18347,328,0.0
18348,328,0.0
18349,328,0.0
28341,328,0.0
28312,328,0.0
28313,328,0.0
18351,328,0.0
18350,328,0.0
18352,328,0.0
28321,328,0.0
18353,328,0.0
43441,328,0.0
02063,328,0.0
11851,328,0.0
11436,328,0.0
11435,328,0.0
20063,328,0.0
20065,328,0.0
20064,328,0.0
20062,328,0.0
43331,328,0.0
04539,328,0.1
42192,328,0.0
42153,328,0.0
43020,328,0.0
43215,328,0.0
43015,328,0.1
04705,328,0.0
43021,328,0.0
43016,328,0.1
42230,328,0.0
04120,328,0.0
04367,328,0.0
42171,328,0.0
04020,328,0.0
43017,328,0.0
04135,328,0.0
04686,328,0.0
04703,328,0.1
04021,328,0.0
04114,328,0.0
04636,328,0.0
42140,328,0.0
04013,328,0.0
43329,328,0.0
04018,328,0.0
04027,328,0.0
04029,328,0.0
04641,328,0.0
04025,328,0.2
42193,328,0.0
42137,328,0.1
04704,328,0.1
04640,328,0.0
04639,328,0.1
04015,328,0.0
04022,328,0.0
04016,328,0.0
43019,328,0.0
04635,328,0.0
04023,328,0.0
04017,328,0.0
07068,328,1.2
07069,328,1.0
07070,328,0.6
07072,328,0.9
07913,328,0.8
32031,328,0.0
15264,328,21.5
15253,328,19.0
11437,328,0.0
11852,328,0.0
11438,328,0.0
02047,328,0.0
43135,328,0.0
07073,328,0.6
04030,328,0.1
06150,328,0.0
06962,328,0.0
27051,328,0.0
27046,328,0.0
27063,328,0.0
06179,328,0.0
06175,328,0.0
06166,328,1.2
06167,328,1.2
06165,328,1.2
27066,328,0.2
06176,328,0.0
06931,328,0.0
06976,328,0.0
06618,328,0.0
27059,328,0.0
06961,328,0.0
06169,328,0.0
06164,328,0.0
27047,328,0.0
27048,328,0.0
27050,328,0.0
27049,328,0.0
06112,328,0.0
06189,328,0.0
06972,328,0.0
06971,328,0.0
11439,328,0.0
07004,328,0.3
32032,328,0.7
07089,328,1.0
16107,328,0.0
07916,328,1.1
07917,328,0.3
07979,328,0.1
07075,328,1.1
07918,328,0.3
07919,328,0.4
07929,328,0.2
07083,328,0.6
21611,328,0.3
21610,328,0.3
21601,328,0.0
21600,328,0.0
21603,328,0.0
21602,328,0.0
21605,328,0.0
21604,328,0.0
07951,328,0.3
11442,328,0.0
31019,328,3.1
31020,328,0.4
11444,328,0.0
11445,328,0.0
11446,328,0.0
11667,328,0.0
11669,328,0.0
12003,328,0.0
12001,328,0.0
12158,328,0.0
12005,328,0.0
12004,328,0.0
12008,328,0.0
12007,328,0.0
12160,328,0.0
12011,328,0.0
12220,328,0.0
12013,328,0.0
12205,328,0.0
12014,328,0.0
12516,328,0.0
12016,328,0.0
12663,328,0.0
12163,328,0.0
12021,328,0.0
12022,328,0.0
12169,328,0.0
12198,328,0.0
12166,328,0.0
12171,328,0.0
12698,328,0.0
12170,328,0.0
12033,328,0.0
12032,328,0.0
12034,328,0.0
12201,328,0.0
12529,328,0.0
12029,328,0.0
12023,328,0.0
12024,328,0.0
12540,328,0.0
12040,328,0.0
12041,328,0.0
12536,328,0.0
12036,328,0.0
12537,328,0.0
12037,328,0.0
12538,328,0.0
12038,328,0.0
12539,328,0.0
12039,328,0.0
12174,328,0.0
20066,328,0.0
20466,328,0.0
11922,328,0.0
11448,328,0.0
11447,328,0.0
14347,328,0.0
11640,328,0.0
11677,328,0.0
19097,328,0.0
04548,328,0.0
04551,328,0.0
04554,328,0.0
04544,328,0.0
04031,328,0.0
04666,328,0.0
04615,328,0.0
16247,328,0.8
16237,328,1.2
16240,328,1.2
16238,328,1.2
16239,328,1.2
16246,328,0.0
16252,328,1.3
16235,328,1.2
16243,328,1.2
16242,328,1.2
16241,328,1.2
16244,328,0.0
16250,328,1.3
16236,328,1.2
16245,328,1.2
07074,328,1.1
25062,328,0.1
19410,328,0.0
25060,328,0.0
25046,328,0.0
19400,328,0.0
19002,328,0.3
25059,328,0.0
25043,328,0.0
25003,328,0.0
25051,328,0.0
19003,328,0.0
43447,328,0.0
19007,328,0.0
19008,328,0.1
19802,328,0.0
25013,328,0.0
19013,328,0.0
19014,328,0.0
19033,328,0.0
25035,328,0.0
25053,328,0.0
25055,328,0.0
25054,328,0.0
25032,328,0.2
25034,328,0.0
25033,328,0.0
25041,328,0.0
25052,328,0.0
25056,328,0.1
42272,328,0.0
19015,328,0.0
25039,328,0.1
25038,328,0.0
19026,328,0.0
19404,328,0.0
25036,328,0.0
19438,328,0.0
19009,328,0.0
19049,328,0.1
25048,328,0.8
19031,328,0.0
25037,328,0.0
25027,328,0.0
19034,328,0.0
19036,328,0.0
19038,328,0.0
19039,328,0.0
19040,328,0.0
42259,328,0.0
25000,328,0.0
25001,328,0.0
25014,328,0.0
19035,328,0.0
19041,328,0.0
19042,328,0.0
19437,328,0.0
19423,328,0.0
25064,328,0.0
25063,328,0.0
19445,328,0.0
19045,328,0.0
19411,328,0.0
19811,328,0.0
19422,328,0.0
42283,328,0.0
19415,328,0.0
19048,328,0.0
19814,328,0.0
19047,328,0.0
19816,328,0.0
19051,328,0.0
19418,328,0.0
25025,328,0.0
25012,328,0.0
19524,328,0.0
43566,328,0.0
19444,328,0.0
19833,328,0.0
19057,328,0.0
19056,328,0.0
43364,328,0.0
19062,328,0.0
25030,328,0.0
25040,328,0.0
20067,328,0.0
06190,328,0.0
06004,328,0.0
06404,328,0.0
06978,328,0.0
06749,328,0.0
27062,328,0.0
06008,328,0.0
06075,328,0.0
06475,328,0.0
06076,328,0.0
06476,328,0.0
06188,328,0.0
06009,328,0.0
06409,328,0.0
06980,328,0.0
06402,328,0.0
06981,328,0.0
06584,328,0.0
06011,328,0.0
06024,328,0.0
06080,328,0.0
06480,328,0.0
06013,328,0.0
06413,328,0.0
06183,328,0.0
06970,328,0.0
06194,328,0.0
06417,328,0.0
06149,328,0.0
06019,328,0.0
06419,328,0.0
06128,328,0.0
06528,328,0.0
06966,328,0.0
27044,328,0.0
06022,328,0.0
06208,328,0.0
06025,328,0.0
06023,328,0.0
06423,328,0.0
06015,328,0.0
06426,328,0.0
06070,328,0.0
06018,328,0.0
06067,328,0.0
27060,328,0.0
06027,328,0.0
06428,328,0.0
06030,328,0.0
06230,328,0.6
06430,328,0.0
27043,328,0.0
06001,328,0.0
06010,328,0.0
06016,328,0.0
06955,328,0.0
06483,328,0.0
06043,328,0.2
06182,328,0.0
06243,328,0.7
06443,328,0.1
06968,328,0.0
06046,328,0.0
06053,328,0.0
06256,328,0.6
06456,328,0.0
06101,328,0.0
27000,328,0.2
27001,328,0.1
06039,328,0.0
06040,328,0.0
06177,328,0.0
06044,328,0.0
06045,328,0.0
06094,328,0.0
06494,328,0.0
06049,328,0.0
06449,328,0.0
06965,328,0.0
06050,328,0.0
06583,328,0.0
27035,328,0.0
06170,328,0.0
06172,328,0.0
06174,328,0.0
06461,328,0.0
06063,328,0.0
06463,328,0.0
06159,328,0.0
06956,328,0.0
06359,328,0.6
06559,328,0.0
06498,328,0.0
06964,328,0.0
06071,328,0.0
06471,328,0.0
06700,328,0.0
06974,328,0.0
06967,328,0.0
06072,328,0.0
06472,328,0.0
06217,328,0.0
06068,328,0.0
06468,328,0.0
27002,328,0.0
01180,328,0.0
01074,328,0.0
01179,328,0.2
01178,328,0.3
01058,328,0.0
09315,328,0.0
16117,328,0.0
16115,328,0.0
16116,328,0.0
16118,328,0.0
16119,328,0.0
16420,328,0.0
16121,328,0.0
16122,328,0.0
16422,328,0.0
16125,328,0.0
16124,328,0.0
16123,328,0.0
16424,328,0.0
16425,328,0.0
43299,328,0.0
11853,328,0.0
11451,328,0.0
11450,328,0.0
16109,328,0.0
16409,328,0.0
16111,328,0.0
16108,328,0.0
16410,328,0.0
16110,328,0.0
11453,328,0.0
11923,328,0.0
11452,328,0.0
16223,328,1.2
16229,328,1.0
16230,328,1.0
16222,328,1.2
16227,328,1.2
16231,328,1.0
16166,328,0.0
16168,328,1.0
16228,328,1.0
16225,328,1.2
16120,328,0.0
16139,328,1.1
22401,328,0.0
20523,328,0.0
20622,328,0.0
20127,328,0.0
20126,328,0.0
22912,328,0.2
22929,328,0.0
22930,328,0.0
22932,328,0.4
22966,328,0.5
22942,328,0.4
22937,328,0.4
22931,328,0.0
22938,328,1.0
22939,328,0.4
22940,328,0.4
22941,328,0.4
02066,328,0.0
02065,328,0.0
02001,328,0.0
02002,328,0.0
02003,328,0.0
02004,328,0.0
02005,328,0.0
02006,328,0.0
02007,328,0.0
02008,328,0.0
02009,328,0.0
02010,328,0.0
02011,328,0.0
02012,328,0.0
02013,328,0.0
02014,328,0.0
02015,328,0.0
02016,328,0.0
02017,328,0.0
02018,328,0.0
02019,328,0.0
02020,328,0.0
02021,328,0.0
02022,328,0.0
02023,328,0.0
02024,328,0.0
02025,328,0.0
02026,328,0.0
02027,328,0.0
02028,328,0.0
02029,328,0.0
02030,328,0.0
02031,328,0.0
02032,328,0.0
02033,328,0.0
02034,328,0.0
02035,328,0.0
02036,328,0.0
02037,328,0.0
02038,328,0.0
02039,328,0.0
02041,328,0.0
02042,328,0.0
02043,328,0.0
11658,328,0.8
11855,328,0.0
11461,328,0.0
11459,328,0.0
11854,328,0.0
11458,328,0.0
11856,328,0.0
11464,328,0.0
11463,328,0.0
11457,328,0.0
06192,328,0.0
06193,328,0.0
11857,328,0.0
11642,328,0.0
11641,328,0.0
11471,328,0.0
11858,328,0.0
11468,328,0.0
11859,328,0.0
11474,328,0.0
11473,328,0.0
11467,328,0.0
11860,328,0.0
11476,328,0.0
11475,328,0.0
11861,328,0.0
11478,328,0.0
11862,328,0.0
11480,328,0.0
11479,328,0.0
11477,328,0.0
11481,328,0.0
11864,328,0.0
11483,328,0.0
11865,328,0.0
11484,328,0.0
11482,328,0.0
11863,328,0.0
11644,328,0.0
11643,328,0.0
11866,328,0.0
11486,328,0.0
11867,328,0.0
11488,328,0.0
11487,328,0.0
11485,328,0.0
11868,328,0.0
11490,328,0.0
11869,328,0.0
11491,328,0.0
11489,328,0.0
11870,328,0.0
11493,328,0.0
11492,328,0.0
11953,328,0.0
09317,328,0.0
09320,328,0.0
09319,328,0.0
09318,328,0.0
09316,328,0.0
14350,328,0.0
18354,328,0.0
11497,328,0.0
11499,328,0.0
11871,328,0.0
11496,328,0.0
11872,328,0.0
11502,328,0.0
11501,328,0.0
19334,328,0.0
19335,328,0.0
19340,328,0.0
19336,328,0.0
28250,328,0.0
28234,328,0.0
28246,328,0.0
11504,328,0.0
11873,328,0.0
11503,328,0.0
11874,328,0.0
11506,328,0.0
11505,328,0.0
11514,328,0.0
11647,328,0.0
11645,328,0.0
11512,328,0.0
11875,328,0.0
11508,328,0.0
11510,328,0.0
11876,328,0.0
11659,328,0.1
11877,328,0.0
11517,328,0.0
11516,328,0.0
11507,328,0.0
31023,328,0.0
18356,328,0.0
19918,328,0.0
19912,328,0.0
19337,328,0.0
43216,328,0.0
44018,328,0.0
43158,328,0.0
19868,328,0.0
90480,328,0.0
19030,328,0.0
19924,328,0.0
19348,328,0.0
19345,328,0.0
19916,328,0.0
19349,328,0.0
19351,328,0.0
19350,328,0.0
42040,328,0.0
19353,328,0.0
19355,328,0.0
43026,328,0.0
19361,328,0.0
19129,328,0.0
19128,328,0.0
19360,328,0.0
19113,328,0.0
18360,328,0.0
09322,328,0.0
09223,328,0.0
09221,328,0.0
09219,328,0.0
09383,328,0.0
09220,328,0.0
09218,328,0.0
20068,328,0.0
32007,328,0.0
32006,328,0.1
11521,328,0.0
11520,328,0.0
11523,328,0.0
11522,328,0.0
11878,328,0.0
11519,328,0.0
11879,328,0.0
11518,328,0.0
11880,328,0.0
11881,328,0.0
11526,328,0.0
11525,328,0.0
16114,328,0.0
07078,328,1.1
02049,328,0.0
18362,328,0.0
18938,328,0.0
18479,328,0.0
18489,328,0.0
03968,328,1.0
03967,328,7.5
43476,328,0.0
16128,328,0.0
16428,328,0.0
16159,328,0.0
16126,328,0.0
16129,328,0.0
16429,328,0.0
16160,328,0.0
16426,328,0.0
16427,328,0.0
16132,328,0.0
16432,328,0.0
16127,328,0.0
11954,328,0.0
43365,328,0.0
11540,328,0.0
11886,328,0.0
11546,328,0.0
11888,328,0.0
11547,328,0.0
11549,328,0.0
11649,328,0.0
11555,328,0.0
11553,328,0.0
11557,328,0.0
11559,328,0.0
43217,328,0.0
11693,328,0.0
11527,328,0.0
11695,328,0.0
11531,328,0.0
11885,328,0.0
11533,328,0.0
11537,328,0.0
11530,328,0.0
11660,328,0.0
11884,328,0.0
11529,328,0.0
11955,328,0.0
11956,328,0.0
11696,328,0.0
19364,328,0.0
19365,328,0.0
19367,328,0.0
19366,328,0.0
19137,328,0.0
22901,328,0.0
19433,328,0.0
25028,328,0.0
18363,328,0.0
18364,328,0.0
18970,328,0.0
28295,328,0.0
11928,328,0.0
11563,328,0.0
20069,328,0.0
20070,328,0.0
42173,328,2.0
07973,328,1.2
07046,328,0.1
07081,328,0.1
05187,328,0.3
05182,328,0.4
05181,328,0.3
05703,328,0.4
05702,328,0.3
05697,328,0.3
05696,328,0.1
05185,328,0.1
05180,328,0.3
05179,328,0.3
42128,328,0.0
07066,328,0.4
05190,328,0.0
05194,328,0.1
05186,328,0.3
05196,328,0.1
05215,328,0.3
05744,328,0.6
05745,328,0.5
05216,328,0.3
05719,328,0.3
05720,328,0.3
05219,328,0.1
05220,328,0.3
05721,328,0.1
05718,328,0.3
05284,328,0.3
05184,328,0.4
05701,328,0.4
05700,328,0.5
05694,328,0.3
05183,328,0.5
05695,328,0.3
05738,328,0.1
05739,328,0.3
05724,328,0.3
05725,328,0.3
43367,328,0.1
05188,328,0.3
05200,328,0.0
05174,328,0.0
05173,328,0.5
05176,328,0.0
05175,328,0.4
43391,328,0.1
43390,328,0.0
05177,328,1.3
07900,328,0.1
05733,328,0.3
05732,328,0.3
05727,328,0.3
05711,328,0.2
05710,328,0.2
05709,328,0.1
05708,328,0.2
05737,328,0.3
05736,328,0.5
05723,328,0.3
05716,328,0.4
05743,328,0.3
05742,328,0.5
05722,328,0.3
05717,328,0.5
05735,328,0.8
05734,328,0.5
05713,328,0.7
05712,328,0.2
05170,328,1.4
05698,328,1.1
05169,328,1.1
05699,328,1.4
05715,328,0.8
05714,328,0.7
22957,328,0.1
05740,328,0.3
05741,328,0.3
05726,328,0.3
05728,328,0.3
05172,328,0.0
05171,328,0.8
05166,328,0.4
05165,328,0.3
05706,328,0.4
05707,328,0.4
05168,328,0.3
05167,328,0.2
05704,328,0.2
05705,328,0.3
05227,328,0.1
05228,328,0.3
05729,328,0.1
05730,328,0.3
43366,328,0.1
11893,328,0.0
11577,328,0.0
11576,328,0.0
43387,328,0.0
11570,328,0.0
11891,328,0.0
11569,328,0.0
11892,328,0.0
11575,328,0.0
11574,328,0.0
11568,328,0.0
11889,328,0.0
11565,328,0.0
11890,328,0.0
11567,328,0.0
11566,328,0.0
11564,328,0.0
32015,328,0.1
32026,328,0.1
32028,328,0.4
32027,328,0.1
93600,328,0.0
01182,328,0.3
16167,328,0.0
02050,328,0.0
02051,328,0.0
02052,328,0.0
17089,328,0.0
17091,328,0.0
17436,328,1.1
17429,328,0.8
17143,328,0.0
17424,328,1.4
17142,328,1.3
17095,328,0.0
17096,328,0.0
17097,328,0.0
17098,328,0.0
17094,328,0.0
17101,328,0.0
17102,328,0.0
17425,328,0.6
17426,328,0.6
17437,328,1.1
17427,328,0.8
17105,328,0.0
17106,328,0.0
17104,328,1.7
17108,328,0.0
17109,328,0.0
17107,328,1.2
17111,328,0.0
17114,328,0.0
17435,328,0.8
17428,328,0.7
17122,328,0.0
17438,328,1.3
17128,328,1.5
17430,328,1.0
17131,328,1.2
17129,328,0.0
17132,328,0.0
17117,328,0.0
17116,328,0.0
17136,328,0.0
17134,328,0.0
17219,328,0.0
11578,328,0.0
11585,328,0.0
31035,328,0.0
04513,328,0.0
42151,328,0.0
31032,328,0.0
43312,328,0.0
11581,328,0.0
11579,328,0.0
11894,328,0.0
11584,328,0.0
11583,328,0.0
43134,328,0.0
43137,328,0.0
16147,328,0.0
43114,328,0.0
02048,328,0.0
02053,328,0.0
16272,328,3.8
16275,328,2.5
16273,328,2.5
16274,328,2.5
16210,328,3.9
16219,328,0.8
16215,328,0.9
18933,328,0.0
18951,328,0.1
28346,328,0.0
18403,328,0.0
28304,328,0.0
27064,328,0.0
11990,328,0.0
14555,328,0.0
14604,328,0.0
14637,328,0.0
11588,328,0.0
11590,328,0.0
11591,328,0.0
09326,328,0.0
11895,328,0.0
11594,328,0.0
11593,328,0.0
20077,328,0.0
20081,328,0.0
20381,328,0.0
20581,328,0.0
20082,328,0.0
20481,328,0.0
20083,328,0.0
20084,328,0.0
20086,328,0.0
20080,328,0.0
20129,328,0.0
20078,328,0.0
20076,328,0.0
20071,328,0.0
20072,328,0.0
20074,328,0.0
20073,328,0.0
20075,328,0.0
20087,328,0.0
01113,328,0.0
01115,328,0.0
43268,328,0.0
42135,328,0.0
20089,328,0.0
20088,328,0.0
11896,328,0.0
11596,328,0.0
11595,328,0.0
16436,328,0.0
16136,328,0.0
16135,328,0.0
16525,328,0.0
16516,328,0.0
11897,328,0.0
11602,328,0.0
11601,328,0.0
11603,328,0.0
11899,328,0.0
11200,328,0.0
11199,328,0.0
16434,328,0.0
16134,328,0.0
16133,328,0.0
11991,328,0.0
43406,328,0.0
32011,328,0.0
21463,328,0.1
01187,328,0.0
01222,328,1.2
01235,328,0.0
43261,328,0.0
01218,328,1.3
01121,328,0.0
01217,328,1.3
01120,328,0.0
01216,328,1.3
01203,328,0.0
01219,328,1.3
01280,328,1.0
01278,328,0.9
01287,328,0.0
01256,328,0.0
01276,328,0.0
01284,328,0.0
01285,328,1.0
01286,328,0.9
01117,328,0.0
01118,328,0.0
01116,328,0.1
01231,328,0.0
01184,328,0.0
01221,328,1.2
01119,328,0.0
01220,328,1.2
01295,328,0.9
16004,328,0.0
03217,328,0.0
,